ticker,caller,timestamp,Open,high,close,low,supply,market_cap,volume
ETH-USD,backtest_v2,2026-01-11 05:00:00+00:00,3094.24,3098.34,3095.39,3092.14,122373866.2178,378794841751.91595,617.56227659
ETH-USD,backtest_v2,2026-01-11 06:00:00+00:00,3095.4,3097.11,3093.49,3086.02,122373866.2178,378562331406.1021,830.09171245
ETH-USD,backtest_v2,2026-01-11 07:00:00+00:00,3093.49,3094.42,3091.11,3088.68,122373866.2178,378271081604.5038,404.57208316
ETH-USD,backtest_v2,2026-01-11 08:00:00+00:00,3091.11,3104.17,3099.35,3088.69,122373866.2178,379279442262.1384,961.61401971
ETH-USD,backtest_v2,2026-01-11 09:00:00+00:00,3099.3,3105.44,3100.22,3096.53,122373866.2178,379385907525.7479,1260.40583391
ETH-USD,backtest_v2,2026-01-11 10:00:00+00:00,3100.21,3104.41,3103.33,3098.35,122373866.2178,379766490249.6853,526.64184553
ETH-USD,backtest_v2,2026-01-11 11:00:00+00:00,3103.46,3103.84,3101.28,3099.14,122373866.2178,379515623823.93884,488.1886035
ETH-USD,backtest_v2,2026-01-11 12:00:00+00:00,3101.26,3112.61,3110.11,3100.6,122373866.2178,380596185062.64197,2872.73683391
ETH-USD,backtest_v2,2026-01-11 13:00:00+00:00,3110.11,3112.39,3105.55,3103.12,122373866.2178,380038160232.68884,824.93435087
ETH-USD,backtest_v2,2026-01-11 14:00:00+00:00,3105.54,3124.94,3121.38,3105.26,122373866.2178,381975338534.9166,910.67592952
ETH-USD,backtest_v2,2026-01-11 15:00:00+00:00,3121.38,3126.58,3113.92,3105.91,122373866.2178,381062429492.9318,2277.90677855
ETH-USD,backtest_v2,2026-01-11 16:00:00+00:00,3113.92,3142.41,3124.96,3111.2,122373866.2178,382413436975.9763,4101.02002135
ETH-USD,backtest_v2,2026-01-11 17:00:00+00:00,3125.0,3129.54,3122.51,3113.0,122373866.2178,382113621003.74274,1613.01969182
ETH-USD,backtest_v2,2026-01-11 18:00:00+00:00,3122.51,3129.49,3124.67,3115.78,122373866.2178,382377948554.77313,2501.10114229
ETH-USD,backtest_v2,2026-01-11 19:00:00+00:00,3124.67,3128.32,3119.79,3113.88,122373866.2178,381780764087.63025,1313.74799265
ETH-USD,backtest_v2,2026-01-11 20:00:00+00:00,3119.8,3119.8,3110.4,3096.6,122373866.2178,380631673483.84515,2525.54398171
ETH-USD,backtest_v2,2026-01-11 21:00:00+00:00,3110.28,3121.48,3116.48,3103.09,122373866.2178,381375706590.44934,1758.58615207
ETH-USD,backtest_v2,2026-01-11 22:00:00+00:00,3116.26,3116.26,3104.92,3102.02,122373866.2178,379961064696.9716,1549.48804475
ETH-USD,backtest_v2,2026-01-11 23:00:00+00:00,3105.07,3122.28,3118.65,3086.34,122373866.2178,381641257880.142,7549.28708306
ETH-USD,backtest_v2,2026-01-12 00:00:00+00:00,3118.82,3122.97,3115.49,3092.88,122373866.2178,381254556462.89374,3763.57939928
ETH-USD,backtest_v2,2026-01-12 01:00:00+00:00,3115.49,3133.18,3120.63,3109.41,122373866.2178,381883558135.25323,3029.68397557
ETH-USD,backtest_v2,2026-01-12 02:00:00+00:00,3120.51,3164.29,3153.84,3117.82,122373866.2178,385947594232.3464,6998.81005926
ETH-USD,backtest_v2,2026-01-12 03:00:00+00:00,3153.64,3167.27,3147.97,3146.88,122373866.2178,385229259637.6479,3469.23694109
ETH-USD,backtest_v2,2026-01-12 04:00:00+00:00,3147.97,3159.52,3154.73,3144.09,122373866.2178,386056506973.2802,1773.51327388
ETH-USD,backtest_v2,2026-01-12 05:00:00+00:00,3154.74,3162.96,3154.53,3150.56,122373866.2178,386032032200.0367,2136.59456858
ETH-USD,backtest_v2,2026-01-12 06:00:00+00:00,3154.53,3161.48,3150.82,3148.4,122373866.2178,385578025156.36865,1482.43548621
ETH-USD,backtest_v2,2026-01-12 07:00:00+00:00,3150.82,3157.37,3130.8,3128.79,122373866.2178,383128100354.6883,3287.27544698
ETH-USD,backtest_v2,2026-01-12 08:00:00+00:00,3130.8,3143.71,3111.42,3097.13,122373866.2178,380756494827.3873,3795.52790972
ETH-USD,backtest_v2,2026-01-12 09:00:00+00:00,3111.43,3120.48,3112.4,3106.46,122373866.2178,380876421216.28076,1935.10269649
ETH-USD,backtest_v2,2026-01-12 10:00:00+00:00,3112.41,3115.8,3102.6,3099.56,122373866.2178,379677157327.3463,1851.7114389
ETH-USD,backtest_v2,2026-01-12 11:00:00+00:00,3102.6,3117.06,3111.31,3102.21,122373866.2178,380743033702.10333,1704.6276166
ETH-USD,backtest_v2,2026-01-12 12:00:00+00:00,3111.31,3119.4,3113.37,3108.18,122373866.2178,380995123866.51196,1488.20943429
ETH-USD,backtest_v2,2026-01-12 13:00:00+00:00,3113.32,3116.19,3105.19,3100.1,122373866.2178,379994105640.8504,2093.03827215
ETH-USD,backtest_v2,2026-01-12 14:00:00+00:00,3104.96,3112.44,3101.4,3062.02,122373866.2178,379530308687.88495,9448.89827019
ETH-USD,backtest_v2,2026-01-12 15:00:00+00:00,3101.4,3130.49,3127.2,3088.69,122373866.2178,382687554436.30414,6312.71609654
ETH-USD,backtest_v2,2026-01-12 16:00:00+00:00,3126.87,3144.82,3128.0,3117.9,122373866.2178,382785453529.27844,5761.84656377
ETH-USD,backtest_v2,2026-01-12 17:00:00+00:00,3127.99,3134.48,3101.95,3082.98,122373866.2178,379597614314.3047,4862.15453275
ETH-USD,backtest_v2,2026-01-12 18:00:00+00:00,3101.95,3116.88,3105.37,3092.44,122373866.2178,380016132936.7696,5018.79380294
ETH-USD,backtest_v2,2026-01-12 19:00:00+00:00,3105.37,3119.84,3118.99,3094.21,122373866.2178,381682864994.656,2801.07339241
ETH-USD,backtest_v2,2026-01-12 20:00:00+00:00,3118.98,3125.51,3099.81,3097.33,122373866.2178,379335734240.59863,6311.89446225
ETH-USD,backtest_v2,2026-01-12 21:00:00+00:00,3099.81,3104.15,3089.22,3081.8,122373866.2178,378039794997.3521,3895.89405148
ETH-USD,backtest_v2,2026-01-12 22:00:00+00:00,3089.21,3104.17,3092.06,3089.2,122373866.2178,378387336777.4107,2400.54108868
ETH-USD,backtest_v2,2026-01-12 23:00:00+00:00,3092.06,3096.17,3091.94,3085.15,122373866.2178,378372651913.46454,2714.84558695
ETH-USD,backtest_v2,2026-01-13 00:00:00+00:00,3091.94,3106.4,3104.84,3089.71,122373866.2178,379951274787.6742,2614.5381733
ETH-USD,backtest_v2,2026-01-13 01:00:00+00:00,3104.84,3110.62,3094.05,3087.93,122373866.2178,378630860771.18414,1882.72011194
ETH-USD,backtest_v2,2026-01-13 02:00:00+00:00,3094.05,3104.46,3097.69,3094.05,122373866.2178,379076301644.2169,1450.54018457
ETH-USD,backtest_v2,2026-01-13 03:00:00+00:00,3097.68,3115.22,3112.53,3097.68,122373866.2178,380892329818.8891,2401.28817774
ETH-USD,backtest_v2,2026-01-13 04:00:00+00:00,3112.54,3119.83,3118.47,3108.6,122373866.2178,381619230584.2228,1496.20904602
ETH-USD,backtest_v2,2026-01-13 05:00:00+00:00,3118.47,3142.8,3128.2,3117.61,122373866.2178,382809928302.522,2478.9777162
ETH-USD,backtest_v2,2026-01-13 06:00:00+00:00,3128.21,3133.78,3130.74,3119.86,122373866.2178,383120757922.71515,2122.88493977
ETH-USD,backtest_v2,2026-01-13 07:00:00+00:00,3130.9,3131.82,3118.52,3118.48,122373866.2178,381625349277.5337,963.68353124
ETH-USD,backtest_v2,2026-01-13 08:00:00+00:00,3118.5,3134.88,3132.78,3118.4,122373866.2178,383370400609.7995,902.80037922
ETH-USD,backtest_v2,2026-01-13 09:00:00+00:00,3132.77,3145.19,3135.78,3125.94,122373866.2178,383737522208.45294,2652.23940399
ETH-USD,backtest_v2,2026-01-13 10:00:00+00:00,3135.78,3138.82,3131.7,3127.07,122373866.2178,383238236834.28424,1117.01256281
ETH-USD,backtest_v2,2026-01-13 11:00:00+00:00,3131.71,3135.85,3130.67,3128.02,122373866.2178,383112191752.07996,691.05964519
ETH-USD,backtest_v2,2026-01-13 12:00:00+00:00,3130.68,3135.06,3132.22,3126.43,122373866.2178,383301871244.7175,1299.08595858
ETH-USD,backtest_v2,2026-01-13 13:00:00+00:00,3132.22,3157.56,3139.33,3126.89,122373866.2178,384171949433.52606,6319.40658625
ETH-USD,backtest_v2,2026-01-13 14:00:00+00:00,3139.32,3163.2,3142.24,3127.32,122373866.2178,384528057384.21985,7853.31957535
ETH-USD,backtest_v2,2026-01-13 15:00:00+00:00,3141.89,3186.55,3182.76,3130.24,122373866.2178,389486646443.3652,12433.95657195
ETH-USD,backtest_v2,2026-01-13 16:00:00+00:00,3182.62,3195.09,3179.96,3170.3,122373866.2178,389143999617.9553,15417.96713975
ETH-USD,backtest_v2,2026-01-13 17:00:00+00:00,3179.95,3186.39,3178.56,3172.0,122373866.2178,388972676205.25037,6986.83367603
ETH-USD,backtest_v2,2026-01-13 18:00:00+00:00,3178.56,3213.06,3199.82,3176.32,122373866.2178,391574344601.04083,8985.34188602
ETH-USD,backtest_v2,2026-01-13 19:00:00+00:00,3199.82,3217.46,3215.63,3189.44,122373866.2178,393509075425.9443,7291.05236444
ETH-USD,backtest_v2,2026-01-13 20:00:00+00:00,3215.64,3220.0,3204.51,3187.6,122373866.2178,392148278033.6023,8658.16792587
ETH-USD,backtest_v2,2026-01-13 21:00:00+00:00,3204.11,3217.83,3209.21,3201.77,122373866.2178,392723435204.826,5722.46301721
ETH-USD,backtest_v2,2026-01-13 22:00:00+00:00,3209.21,3375.0,3329.56,3209.21,122373866.2178,407451130004.1382,21833.32374349
ETH-USD,backtest_v2,2026-01-13 23:00:00+00:00,3329.61,3345.6,3323.38,3310.64,122373866.2178,406694859510.9122,7177.76026249
ETH-USD,backtest_v2,2026-01-14 00:00:00+00:00,3323.37,3336.91,3322.52,3313.31,122373866.2178,406589617985.9649,6581.17223513
ETH-USD,backtest_v2,2026-01-14 01:00:00+00:00,3322.51,3343.23,3334.3,3319.04,122373866.2178,408031182130.01056,6292.86300937
ETH-USD,backtest_v2,2026-01-14 02:00:00+00:00,3334.3,3355.0,3325.28,3318.9,122373866.2178,406927369856.726,6551.5269173
ETH-USD,backtest_v2,2026-01-14 03:00:00+00:00,3325.24,3350.33,3349.93,3319.58,122373866.2178,409943885658.99475,4022.43699667
ETH-USD,backtest_v2,2026-01-14 04:00:00+00:00,3349.93,3362.53,3337.24,3333.71,122373866.2178,408390961296.69086,5052.23947887
ETH-USD,backtest_v2,2026-01-14 05:00:00+00:00,3337.22,3338.05,3328.98,3323.52,122373866.2178,407380153161.7319,3222.45438251
ETH-USD,backtest_v2,2026-01-14 06:00:00+00:00,3328.98,3334.94,3333.11,3320.75,122373866.2178,407885557229.21136,2260.00668571
ETH-USD,backtest_v2,2026-01-14 07:00:00+00:00,3333.11,3340.95,3334.4,3326.41,122373866.2178,408043419516.6323,2545.02406852
ETH-USD,backtest_v2,2026-01-14 08:00:00+00:00,3334.4,3341.69,3326.12,3326.11,122373866.2178,407030163904.34894,2528.55374328
ETH-USD,backtest_v2,2026-01-14 09:00:00+00:00,3326.11,3334.55,3326.8,3323.61,122373866.2178,407113378133.3771,1891.1162737
ETH-USD,backtest_v2,2026-01-14 10:00:00+00:00,3326.99,3333.03,3311.7,3303.83,122373866.2178,405265532753.4883,2962.26304509
ETH-USD,backtest_v2,2026-01-14 11:00:00+00:00,3311.59,3312.2,3284.27,3281.01,122373866.2178,401908817603.13403,4353.2311378
ETH-USD,backtest_v2,2026-01-14 12:00:00+00:00,3284.27,3298.01,3295.06,3278.45,122373866.2178,403229231619.6241,3825.44494748
ETH-USD,backtest_v2,2026-01-14 13:00:00+00:00,3295.06,3307.55,3301.89,3287.76,122373866.2178,404065045125.89166,4264.90323364
ETH-USD,backtest_v2,2026-01-14 14:00:00+00:00,3301.88,3357.73,3348.66,3300.76,122373866.2178,409788470848.89813,13409.00770034
ETH-USD,backtest_v2,2026-01-14 15:00:00+00:00,3348.85,3362.38,3345.73,3326.78,122373866.2178,409429915420.88,13743.97667148
ETH-USD,backtest_v2,2026-01-14 16:00:00+00:00,3345.73,3405.03,3370.34,3345.27,122373866.2178,412441536268.50006,22387.37058529
ETH-USD,backtest_v2,2026-01-14 17:00:00+00:00,3370.33,3381.63,3341.9,3337.65,122373866.2178,408961223513.26587,11033.69464974
ETH-USD,backtest_v2,2026-01-14 18:00:00+00:00,3341.91,3355.0,3339.88,3314.0,122373866.2178,408714028303.5059,11858.5610025
ETH-USD,backtest_v2,2026-01-14 19:00:00+00:00,3339.61,3400.0,3367.53,3332.2,122373866.2178,412097665704.4281,10802.67517396
ETH-USD,backtest_v2,2026-01-14 20:00:00+00:00,3367.59,3392.81,3384.32,3362.0,122373866.2178,414152322918.2249,15353.57991377
ETH-USD,backtest_v2,2026-01-14 21:00:00+00:00,3384.2,3384.2,3373.29,3358.0,122373866.2178,412802539173.8426,4461.75215459
ETH-USD,backtest_v2,2026-01-14 22:00:00+00:00,3373.29,3375.43,3350.0,3347.14,122373866.2178,409952451829.63,5189.1676729
ETH-USD,backtest_v2,2026-01-14 23:00:00+00:00,3349.61,3370.28,3354.82,3346.72,122373866.2178,410542293864.79987,4292.41653173
ETH-USD,backtest_v2,2026-01-15 00:00:00+00:00,3354.82,3355.8,3331.59,3323.8,122373866.2178,407699548952.56036,4605.89409354
ETH-USD,backtest_v2,2026-01-15 01:00:00+00:00,3331.59,3343.15,3324.8,3316.74,122373866.2178,406868630400.94147,4489.36839403
ETH-USD,backtest_v2,2026-01-15 02:00:00+00:00,3324.54,3333.05,3313.36,3303.01,122373866.2178,405468673371.40985,4130.22686504
ETH-USD,backtest_v2,2026-01-15 03:00:00+00:00,3313.35,3320.8,3284.92,3276.38,122373866.2178,401988360616.1756,5332.34266957
ETH-USD,backtest_v2,2026-01-15 04:00:00+00:00,3284.92,3308.0,3304.91,3283.3,122373866.2178,404434614201.8694,2758.68926166
ETH-USD,backtest_v2,2026-01-15 05:00:00+00:00,3304.9,3315.31,3310.41,3301.8,122373866.2178,405107670466.0673,2559.31627546
ETH-USD,backtest_v2,2026-01-15 06:00:00+00:00,3310.6,3323.4,3315.21,3308.87,122373866.2178,405695065023.9128,1871.06650829
ETH-USD,backtest_v2,2026-01-15 07:00:00+00:00,3315.21,3334.94,3329.8,3314.11,122373866.2178,407480499732.03046,2517.18265751
ETH-USD,backtest_v2,2026-01-15 08:00:00+00:00,3329.79,3338.67,3336.31,3319.6,122373866.2178,408277153601.10834,2716.3068952
ETH-USD,backtest_v2,2026-01-15 09:00:00+00:00,3336.31,3373.69,3365.6,3329.83,122373866.2178,411861484142.6277,3117.69710945
ETH-USD,backtest_v2,2026-01-15 10:00:00+00:00,3365.64,3377.54,3363.49,3357.12,122373866.2178,411603275284.90814,1896.95050858
ETH-USD,backtest_v2,2026-01-15 11:00:00+00:00,3363.49,3365.28,3348.9,3346.45,122373866.2178,409817840576.79047,1665.70845356
ETH-USD,backtest_v2,2026-01-15 12:00:00+00:00,3348.9,3370.4,3368.38,3343.14,122373866.2178,412201683490.7132,2635.75563489
ETH-USD,backtest_v2,2026-01-15 13:00:00+00:00,3368.34,3384.32,3370.44,3355.65,122373866.2178,412453773655.1219,3207.84568545
ETH-USD,backtest_v2,2026-01-15 14:00:00+00:00,3370.44,3382.4,3340.96,3320.64,122373866.2178,408846192079.0211,10424.40636581
ETH-USD,backtest_v2,2026-01-15 15:00:00+00:00,3340.99,3356.97,3330.61,3284.01,122373866.2178,407579622563.6669,11940.53048202
ETH-USD,backtest_v2,2026-01-15 16:00:00+00:00,3330.13,3335.14,3330.4,3309.31,122373866.2178,407553924051.76117,10705.4635461
ETH-USD,backtest_v2,2026-01-15 17:00:00+00:00,3330.18,3337.14,3300.6,3296.71,122373866.2178,403907182838.4707,10785.80177407
ETH-USD,backtest_v2,2026-01-15 18:00:00+00:00,3300.59,3307.4,3288.06,3270.58,122373866.2178,402372614556.0995,12477.78270381
ETH-USD,backtest_v2,2026-01-15 19:00:00+00:00,3288.0,3300.3,3294.82,3277.09,122373866.2178,403199861891.7318,8979.23135849
ETH-USD,backtest_v2,2026-01-15 20:00:00+00:00,3294.81,3306.06,3287.6,3275.41,122373866.2178,402316322577.6393,19627.10816175
ETH-USD,backtest_v2,2026-01-15 21:00:00+00:00,3287.6,3304.96,3298.76,3282.94,122373866.2178,403682014924.63,3858.87470721
ETH-USD,backtest_v2,2026-01-15 22:00:00+00:00,3298.62,3318.75,3308.41,3295.26,122373866.2178,404862922733.6317,2871.40319285
ETH-USD,backtest_v2,2026-01-15 23:00:00+00:00,3308.41,3322.33,3317.98,3300.56,122373866.2178,406034040633.33606,2465.72424943
ETH-USD,backtest_v2,2026-01-16 00:00:00+00:00,3317.98,3326.59,3316.16,3315.26,122373866.2178,405811320196.81964,2287.58934434
ETH-USD,backtest_v2,2026-01-16 01:00:00+00:00,3316.16,3320.63,3312.94,3301.06,122373866.2178,405417276347.5984,3204.95942732
ETH-USD,backtest_v2,2026-01-16 02:00:00+00:00,3312.94,3313.07,3302.83,3291.03,122373866.2178,404180076560.1364,2971.15633203
ETH-USD,backtest_v2,2026-01-16 03:00:00+00:00,3302.83,3307.39,3294.09,3293.92,122373866.2178,403110528969.3928,1445.37418115
ETH-USD,backtest_v2,2026-01-16 04:00:00+00:00,3294.28,3304.08,3287.21,3276.31,122373866.2178,402268596769.8144,3152.7154105
ETH-USD,backtest_v2,2026-01-16 05:00:00+00:00,3287.2,3315.26,3308.23,3282.66,122373866.2178,404840895437.7125,3507.69231294
ETH-USD,backtest_v2,2026-01-16 06:00:00+00:00,3308.23,3316.3,3313.42,3301.46,122373866.2178,405476015803.38293,2221.62085431
ETH-USD,backtest_v2,2026-01-16 07:00:00+00:00,3313.42,3315.46,3308.93,3301.3,122373866.2178,404926557144.06494,1773.98196863
ETH-USD,backtest_v2,2026-01-16 08:00:00+00:00,3308.94,3319.39,3312.19,3307.86,122373866.2178,405325495947.935,4200.25413845
ETH-USD,backtest_v2,2026-01-16 09:00:00+00:00,3312.19,3315.63,3306.5,3304.79,122373866.2178,404629188649.1557,2096.31408814
ETH-USD,backtest_v2,2026-01-16 10:00:00+00:00,3306.5,3307.9,3296.53,3293.0,122373866.2178,403409121202.9643,2101.16994038
ETH-USD,backtest_v2,2026-01-16 11:00:00+00:00,3296.52,3305.23,3301.3,3292.03,122373866.2178,403992844544.8232,1661.91400748
ETH-USD,backtest_v2,2026-01-16 12:00:00+00:00,3301.3,3313.74,3307.89,3299.5,122373866.2178,404799288323.1984,1626.2420442
ETH-USD,backtest_v2,2026-01-16 13:00:00+00:00,3307.9,3309.79,3306.81,3294.77,122373866.2178,404667124547.6832,1903.40045322
ETH-USD,backtest_v2,2026-01-16 14:00:00+00:00,3306.75,3317.9,3292.69,3288.94,122373866.2178,402939205556.6879,4503.91889769
ETH-USD,backtest_v2,2026-01-16 15:00:00+00:00,3292.69,3311.27,3262.92,3250.83,122373866.2178,399296135559.38403,10744.97759645
ETH-USD,backtest_v2,2026-01-16 16:00:00+00:00,3262.61,3288.3,3278.3,3257.89,122373866.2178,401178245621.8138,8588.60128365
ETH-USD,backtest_v2,2026-01-16 17:00:00+00:00,3278.3,3286.26,3282.72,3264.24,122373866.2178,401719138110.4964,6202.08436898
ETH-USD,backtest_v2,2026-01-16 18:00:00+00:00,3282.63,3287.13,3276.99,3275.7,122373866.2178,401017935857.0684,4961.44621608
ETH-USD,backtest_v2,2026-01-16 19:00:00+00:00,3276.94,3278.3,3274.49,3266.67,122373866.2178,400712001191.5239,5950.33848764
ETH-USD,backtest_v2,2026-01-16 20:00:00+00:00,3274.49,3292.88,3291.84,3262.29,122373866.2178,402835187770.4028,5364.11240661
ETH-USD,backtest_v2,2026-01-16 21:00:00+00:00,3292.07,3298.16,3289.14,3285.58,122373866.2178,402504778331.6147,3039.00106403
ETH-USD,backtest_v2,2026-01-16 22:00:00+00:00,3289.14,3295.0,3292.7,3281.2,122373866.2178,402940429295.35004,1981.72875185
ETH-USD,backtest_v2,2026-01-16 23:00:00+00:00,3292.7,3298.7,3294.88,3291.16,122373866.2178,403207204323.7049,1539.48951767
ETH-USD,backtest_v2,2026-01-17 00:00:00+00:00,3294.87,3296.3,3291.83,3288.8,122373866.2178,402833964031.7406,1091.53023599
ETH-USD,backtest_v2,2026-01-17 01:00:00+00:00,3291.82,3295.07,3289.62,3286.26,122373866.2178,402563517787.39923,1119.95605884
ETH-USD,backtest_v2,2026-01-17 02:00:00+00:00,3289.64,3291.54,3290.74,3282.3,122373866.2178,402700576517.5632,1125.52872947
ETH-USD,backtest_v2,2026-01-17 03:00:00+00:00,3290.74,3291.02,3288.01,3286.2,122373866.2178,402366495862.78864,685.36772434
ETH-USD,backtest_v2,2026-01-17 04:00:00+00:00,3288.01,3291.41,3290.55,3284.21,122373866.2178,402677325482.9818,511.68238922
ETH-USD,backtest_v2,2026-01-17 05:00:00+00:00,3290.55,3292.74,3290.08,3288.15,122373866.2178,402619809765.85944,559.24689395
ETH-USD,backtest_v2,2026-01-17 06:00:00+00:00,3290.08,3292.42,3289.79,3286.05,122373866.2178,402584321344.65625,376.65797051
ETH-USD,backtest_v2,2026-01-17 07:00:00+00:00,3289.79,3291.75,3290.29,3286.01,122373866.2178,402645508277.7652,484.511445
ETH-USD,backtest_v2,2026-01-17 08:00:00+00:00,3290.28,3295.5,3295.24,3287.87,122373866.2178,403251258915.5433,581.88590056
ETH-USD,backtest_v2,2026-01-17 09:00:00+00:00,3295.25,3302.44,3297.43,3292.37,122373866.2178,403519257682.56024,544.395024
ETH-USD,backtest_v2,2026-01-17 10:00:00+00:00,3297.4,3299.7,3295.14,3293.85,122373866.2178,403239021528.9215,290.32913102
ETH-USD,backtest_v2,2026-01-17 11:00:00+00:00,3294.9,3304.22,3301.79,3291.16,122373866.2178,404052807739.2699,412.02819651
ETH-USD,backtest_v2,2026-01-17 12:00:00+00:00,3301.65,3305.17,3301.49,3299.18,122373866.2178,404016095579.40454,271.28570827
ETH-USD,backtest_v2,2026-01-17 13:00:00+00:00,3301.46,3303.53,3302.67,3298.36,122373866.2178,404160496741.54156,360.41116117
ETH-USD,backtest_v2,2026-01-17 14:00:00+00:00,3302.66,3310.44,3309.11,3300.46,122373866.2178,404948584439.9842,883.57326401
ETH-USD,backtest_v2,2026-01-17 15:00:00+00:00,3309.01,3329.02,3328.43,3307.0,122373866.2178,407312847535.3121,2202.52952339
ETH-USD,backtest_v2,2026-01-17 16:00:00+00:00,3328.64,3328.99,3317.88,3311.26,122373866.2178,406021803246.7143,2292.86160433
ETH-USD,backtest_v2,2026-01-17 17:00:00+00:00,3317.88,3326.57,3318.13,3316.1,122373866.2178,406052396713.26874,1047.13800544
ETH-USD,backtest_v2,2026-01-17 18:00:00+00:00,3318.95,3319.61,3316.73,3313.51,122373866.2178,405881073300.56384,806.36625923
ETH-USD,backtest_v2,2026-01-17 19:00:00+00:00,3316.73,3320.34,3315.18,3313.65,122373866.2178,405691393807.9262,690.93523252
ETH-USD,backtest_v2,2026-01-17 20:00:00+00:00,3315.18,3318.9,3316.2,3313.65,122373866.2178,405816215151.4684,594.68496481
ETH-USD,backtest_v2,2026-01-17 21:00:00+00:00,3316.2,3316.31,3311.51,3306.17,122373866.2178,405242281718.9069,654.07437216
ETH-USD,backtest_v2,2026-01-17 22:00:00+00:00,3311.5,3311.73,3300.61,3296.11,122373866.2178,403908406577.1329,1677.73882861
ETH-USD,backtest_v2,2026-01-17 23:00:00+00:00,3300.61,3309.38,3309.33,3300.01,122373866.2178,404975506690.55206,1074.66809696
ETH-USD,backtest_v2,2026-01-18 00:00:00+00:00,3309.0,3313.39,3303.21,3301.72,122373866.2178,404226578629.29913,1212.23151621
ETH-USD,backtest_v2,2026-01-18 01:00:00+00:00,3303.2,3305.89,3299.94,3293.92,122373866.2178,403826416086.76697,1256.06905798
ETH-USD,backtest_v2,2026-01-18 02:00:00+00:00,3299.79,3304.64,3301.8,3295.21,122373866.2178,404054031477.93207,1054.16550835
ETH-USD,backtest_v2,2026-01-18 03:00:00+00:00,3302.03,3317.38,3314.66,3301.06,122373866.2178,405627759397.493,846.23666142
ETH-USD,backtest_v2,2026-01-18 04:00:00+00:00,3314.61,3316.71,3310.73,3308.35,122373866.2178,405146830103.257,719.50484325
ETH-USD,backtest_v2,2026-01-18 05:00:00+00:00,3310.74,3316.94,3314.9,3309.76,122373866.2178,405657129125.38525,576.89773609
ETH-USD,backtest_v2,2026-01-18 06:00:00+00:00,3315.0,3316.65,3314.29,3310.63,122373866.2178,405582481066.9924,509.75848499
ETH-USD,backtest_v2,2026-01-18 07:00:00+00:00,3314.28,3314.96,3306.13,3304.63,122373866.2178,404583910318.65515,595.64568886
ETH-USD,backtest_v2,2026-01-18 08:00:00+00:00,3306.26,3315.55,3314.33,3302.41,122373866.2178,405587376021.6411,487.72591335
ETH-USD,backtest_v2,2026-01-18 09:00:00+00:00,3314.32,3323.66,3321.76,3313.0,122373866.2178,406496613847.6394,835.54912289
ETH-USD,backtest_v2,2026-01-18 10:00:00+00:00,3321.76,3324.9,3324.41,3317.26,122373866.2178,406820904593.1165,298.9101886
ETH-USD,backtest_v2,2026-01-18 11:00:00+00:00,3324.42,3324.42,3321.03,3317.95,122373866.2178,406407280925.30035,518.91396057
ETH-USD,backtest_v2,2026-01-18 12:00:00+00:00,3321.04,3325.8,3321.12,3317.58,122373866.2178,406418294573.25995,916.71053361
ETH-USD,backtest_v2,2026-01-18 13:00:00+00:00,3321.12,3329.07,3324.87,3313.5,122373866.2178,406877196571.5767,1222.9840962
ETH-USD,backtest_v2,2026-01-18 14:00:00+00:00,3324.86,3346.71,3323.58,3321.26,122373866.2178,406719334284.15576,2101.46117913
ETH-USD,backtest_v2,2026-01-18 15:00:00+00:00,3323.58,3334.64,3332.3,3317.59,122373866.2178,407786434397.575,1188.41601365
ETH-USD,backtest_v2,2026-01-18 16:00:00+00:00,3332.48,3337.5,3332.31,3328.64,122373866.2178,407787658136.2371,1029.55594477
ETH-USD,backtest_v2,2026-01-18 17:00:00+00:00,3332.56,3344.34,3343.64,3331.14,122373866.2178,409174154040.4848,979.05875301
ETH-USD,backtest_v2,2026-01-18 18:00:00+00:00,3343.5,3367.65,3360.9,3335.8,122373866.2178,411286326971.40405,3240.26619409
ETH-USD,backtest_v2,2026-01-18 19:00:00+00:00,3360.9,3364.94,3345.87,3343.05,122373866.2178,409447047762.1505,1714.53485975
ETH-USD,backtest_v2,2026-01-18 20:00:00+00:00,3345.95,3352.67,3340.1,3337.48,122373866.2178,408740950554.0738,1330.96017901
ETH-USD,backtest_v2,2026-01-18 21:00:00+00:00,3340.1,3344.55,3340.6,3335.81,122373866.2178,408802137487.1827,978.67600528
ETH-USD,backtest_v2,2026-01-18 22:00:00+00:00,3340.6,3355.1,3349.5,3338.79,122373866.2178,409891264896.5211,1346.85183279
ETH-USD,backtest_v2,2026-01-18 23:00:00+00:00,3349.5,3349.5,3282.55,3276.92,122373866.2178,401698334553.23944,9474.23268385
ETH-USD,backtest_v2,2026-01-19 00:00:00+00:00,3282.5,3282.71,3210.87,3177.0,122373866.2178,392926575822.7475,17790.14992499
ETH-USD,backtest_v2,2026-01-19 01:00:00+00:00,3210.86,3220.93,3205.4,3193.32,122373866.2178,392257190774.53613,4346.1735186
ETH-USD,backtest_v2,2026-01-19 02:00:00+00:00,3205.2,3215.14,3202.88,3193.03,122373866.2178,391948808631.6673,3328.23098634
ETH-USD,backtest_v2,2026-01-19 03:00:00+00:00,3202.78,3211.94,3211.02,3194.1,122373866.2178,392944931902.6802,2403.42358227
ETH-USD,backtest_v2,2026-01-19 04:00:00+00:00,3210.78,3216.14,3211.14,3203.56,122373866.2178,392959616766.6263,2631.24795228
ETH-USD,backtest_v2,2026-01-19 05:00:00+00:00,3211.14,3213.78,3201.34,3194.62,122373866.2178,391760352877.6919,3476.39147454
ETH-USD,backtest_v2,2026-01-19 06:00:00+00:00,3201.34,3203.49,3194.18,3186.01,122373866.2178,390884155995.5724,2681.85286072
ETH-USD,backtest_v2,2026-01-19 07:00:00+00:00,3194.18,3207.59,3205.65,3194.0,122373866.2178,392287784241.0906,2416.00428817
ETH-USD,backtest_v2,2026-01-19 08:00:00+00:00,3205.66,3220.21,3212.35,3195.82,122373866.2178,393107689144.7498,4292.22516222
ETH-USD,backtest_v2,2026-01-19 09:00:00+00:00,3212.16,3213.21,3207.56,3204.16,122373866.2178,392521518325.5666,2669.60321752
ETH-USD,backtest_v2,2026-01-19 10:00:00+00:00,3207.56,3214.91,3213.69,3203.53,122373866.2178,393271670125.4817,1484.04223624
ETH-USD,backtest_v2,2026-01-19 11:00:00+00:00,3213.85,3229.59,3221.75,3210.88,122373866.2178,394258003487.19714,1655.99257741
ETH-USD,backtest_v2,2026-01-19 12:00:00+00:00,3221.96,3233.74,3223.1,3217.29,122373866.2178,394423208206.5912,1879.29009811
ETH-USD,backtest_v2,2026-01-19 13:00:00+00:00,3223.1,3223.18,3215.98,3211.03,122373866.2178,393551906279.1205,2027.83913781
ETH-USD,backtest_v2,2026-01-19 14:00:00+00:00,3216.05,3217.44,3211.18,3201.24,122373866.2178,392964511721.275,3491.99651304
ETH-USD,backtest_v2,2026-01-19 15:00:00+00:00,3211.3,3218.73,3214.47,3208.0,122373866.2178,393367121741.1316,2373.97171566
ETH-USD,backtest_v2,2026-01-19 16:00:00+00:00,3214.4,3226.59,3221.68,3210.92,122373866.2178,394249437316.5619,2287.79356177
ETH-USD,backtest_v2,2026-01-19 17:00:00+00:00,3221.51,3224.55,3218.4,3214.91,122373866.2178,393848051035.36755,1987.77147838
ETH-USD,backtest_v2,2026-01-19 18:00:00+00:00,3218.34,3219.59,3212.97,3206.33,122373866.2178,393183560941.8049,3234.19401271
ETH-USD,backtest_v2,2026-01-19 19:00:00+00:00,3212.96,3223.18,3218.32,3212.93,122373866.2178,393838261126.0701,2006.02884281
ETH-USD,backtest_v2,2026-01-19 20:00:00+00:00,3218.33,3224.0,3212.43,3210.63,122373866.2178,393117479054.04724,3171.61512856
ETH-USD,backtest_v2,2026-01-19 21:00:00+00:00,3212.66,3219.87,3211.03,3208.29,122373866.2178,392946155641.3424,1683.76938884
ETH-USD,backtest_v2,2026-01-19 22:00:00+00:00,3211.02,3213.09,3186.51,3183.68,122373866.2178,389945548441.68195,3870.97457518
ETH-USD,backtest_v2,2026-01-19 23:00:00+00:00,3186.5,3195.97,3187.51,3162.86,122373866.2178,390067922307.8997,5897.71129846
ETH-USD,backtest_v2,2026-01-20 00:00:00+00:00,3187.17,3198.16,3181.73,3174.01,122373866.2178,389360601361.1608,3273.24736474
ETH-USD,backtest_v2,2026-01-20 01:00:00+00:00,3181.73,3196.85,3190.74,3173.22,122373866.2178,390463189895.78314,2395.15127413
ETH-USD,backtest_v2,2026-01-20 02:00:00+00:00,3190.9,3197.7,3190.14,3176.63,122373866.2178,390389765576.0525,3591.40259551
ETH-USD,backtest_v2,2026-01-20 03:00:00+00:00,3190.14,3192.79,3186.13,3181.04,122373866.2178,389899046372.51917,2088.75782887
ETH-USD,backtest_v2,2026-01-20 04:00:00+00:00,3186.13,3186.8,3170.18,3166.32,122373866.2178,387947183206.3452,3847.78882236
ETH-USD,backtest_v2,2026-01-20 05:00:00+00:00,3170.18,3172.03,3168.42,3148.88,122373866.2178,387731805201.8019,5384.61665987
ETH-USD,backtest_v2,2026-01-20 06:00:00+00:00,3168.42,3169.61,3113.0,3105.89,122373866.2178,380949845536.0114,6178.11014084
ETH-USD,backtest_v2,2026-01-20 07:00:00+00:00,3113.21,3127.95,3119.95,3108.59,122373866.2178,381800343906.2251,3094.13796565
ETH-USD,backtest_v2,2026-01-20 08:00:00+00:00,3119.66,3120.53,3103.1,3081.19,122373866.2178,379738344260.4552,4614.05872921
ETH-USD,backtest_v2,2026-01-20 09:00:00+00:00,3102.91,3104.76,3090.78,3085.01,122373866.2178,378230698228.6519,2161.15611518
ETH-USD,backtest_v2,2026-01-20 10:00:00+00:00,3090.71,3105.65,3099.65,3087.62,122373866.2178,379316154422.0038,989.57954711
ETH-USD,backtest_v2,2026-01-20 11:00:00+00:00,3099.71,3110.0,3106.56,3099.71,122373866.2178,380161757837.5688,1293.3221876
ETH-USD,backtest_v2,2026-01-20 12:00:00+00:00,3106.65,3111.95,3108.49,3099.46,122373866.2178,380397939399.36914,1309.69729066
ETH-USD,backtest_v2,2026-01-20 13:00:00+00:00,3108.49,3110.55,3076.07,3070.98,122373866.2178,376430578656.5881,4555.87751584
ETH-USD,backtest_v2,2026-01-20 14:00:00+00:00,3076.14,3086.3,3043.8,3031.26,122373866.2178,372481573993.7397,11912.67232869
ETH-USD,backtest_v2,2026-01-20 15:00:00+00:00,3043.79,3046.2,3029.7,2992.48,122373866.2178,370756102480.06866,14114.4633384
ETH-USD,backtest_v2,2026-01-20 16:00:00+00:00,3029.26,3039.4,3006.05,2993.33,122373866.2178,367861960544.01776,10043.04055602
ETH-USD,backtest_v2,2026-01-20 17:00:00+00:00,3006.04,3020.37,2996.39,2980.77,122373866.2178,366679828996.35376,11515.9831037
ETH-USD,backtest_v2,2026-01-20 18:00:00+00:00,2996.11,3005.24,2987.83,2983.95,122373866.2178,365632308701.52936,7946.30940269
ETH-USD,backtest_v2,2026-01-20 19:00:00+00:00,2987.82,2999.92,2991.99,2976.11,122373866.2178,366141383984.9954,8916.73204615
ETH-USD,backtest_v2,2026-01-20 20:00:00+00:00,2991.99,3002.64,3002.64,2981.5,122373866.2178,367444665660.21497,6224.34267532
ETH-USD,backtest_v2,2026-01-20 21:00:00+00:00,3002.23,3002.85,2989.22,2985.45,122373866.2178,365802408375.5721,2938.18960227
ETH-USD,backtest_v2,2026-01-20 22:00:00+00:00,2989.22,2994.89,2947.65,2912.52,122373866.2178,360715326756.8982,5453.25304986
ETH-USD,backtest_v2,2026-01-20 23:00:00+00:00,2947.65,2949.0,2936.5,2926.4,122373866.2178,359350858148.5697,4829.24081021
ETH-USD,backtest_v2,2026-01-21 00:00:00+00:00,2936.5,2965.6,2956.27,2918.22,122373866.2178,361770189483.6956,5170.01376617
ETH-USD,backtest_v2,2026-01-21 01:00:00+00:00,2956.21,2970.64,2961.6,2951.38,122373866.2178,362422442190.6365,4080.74245849
ETH-USD,backtest_v2,2026-01-21 02:00:00+00:00,2961.6,2971.8,2958.3,2954.32,122373866.2178,362018608432.1178,3001.74268172
ETH-USD,backtest_v2,2026-01-21 03:00:00+00:00,2958.2,2981.04,2977.85,2957.4,122373866.2178,364411017516.6757,3183.82559314
ETH-USD,backtest_v2,2026-01-21 04:00:00+00:00,2977.85,2981.98,2975.78,2970.77,122373866.2178,364157703613.6049,2093.09905218
ETH-USD,backtest_v2,2026-01-21 05:00:00+00:00,2975.77,2998.95,2989.95,2974.21,122373866.2178,365891741297.91113,2404.46276817
ETH-USD,backtest_v2,2026-01-21 06:00:00+00:00,2989.94,2990.72,2977.1,2972.2,122373866.2178,364319237117.0124,2964.21245965
ETH-USD,backtest_v2,2026-01-21 07:00:00+00:00,2976.89,2982.4,2967.45,2963.03,122373866.2178,363138329308.0106,2733.78049764
ETH-USD,backtest_v2,2026-01-21 08:00:00+00:00,2967.3,2971.15,2962.2,2953.38,122373866.2178,362495866510.3671,2578.5013029
ETH-USD,backtest_v2,2026-01-21 09:00:00+00:00,2962.09,2971.78,2950.65,2946.55,122373866.2178,361082448355.5516,1711.35233196
ETH-USD,backtest_v2,2026-01-21 10:00:00+00:00,2950.98,2966.25,2959.86,2948.4,122373866.2178,362209511663.41754,2366.49960411
ETH-USD,backtest_v2,2026-01-21 11:00:00+00:00,2959.9,2971.13,2940.49,2935.92,122373866.2178,359839129874.7787,2797.39109575
ETH-USD,backtest_v2,2026-01-21 12:00:00+00:00,2940.46,2943.61,2928.59,2900.01,122373866.2178,358382880866.7869,7135.69179339
ETH-USD,backtest_v2,2026-01-21 13:00:00+00:00,2928.48,2942.63,2925.4,2917.21,122373866.2178,357992508233.5521,4290.22018072
ETH-USD,backtest_v2,2026-01-21 14:00:00+00:00,2925.39,2991.76,2977.7,2921.63,122373866.2178,364392661436.74304,11266.34981091
ETH-USD,backtest_v2,2026-01-21 15:00:00+00:00,2977.66,3024.0,3000.2,2971.81,122373866.2178,367146073426.64355,10614.85011888
ETH-USD,backtest_v2,2026-01-21 16:00:00+00:00,3000.19,3003.04,2888.5,2882.69,122373866.2178,353476912570.1153,18105.1506268
ETH-USD,backtest_v2,2026-01-21 17:00:00+00:00,2888.63,2911.17,2900.5,2863.4,122373866.2178,354945398964.72894,16003.76952343
ETH-USD,backtest_v2,2026-01-21 18:00:00+00:00,2900.89,2931.53,2924.88,2884.69,122373866.2178,357928873823.1189,11875.64588596
ETH-USD,backtest_v2,2026-01-21 19:00:00+00:00,2924.96,3066.65,3053.05,2913.23,122373866.2178,373613532256.25433,15834.02617118
ETH-USD,backtest_v2,2026-01-21 20:00:00+00:00,3053.17,3055.51,3028.41,3000.21,122373866.2178,370598240192.6477,20873.52503102
ETH-USD,backtest_v2,2026-01-21 21:00:00+00:00,3028.74,3041.48,3029.01,3018.0,122373866.2178,370671664512.3784,4146.07600501
ETH-USD,backtest_v2,2026-01-21 22:00:00+00:00,3029.01,3042.7,3008.0,3007.19,122373866.2178,368100589583.1424,2485.26415011
ETH-USD,backtest_v2,2026-01-21 23:00:00+00:00,3007.95,3023.17,2979.6,2969.35,122373866.2178,364625171782.5569,10449.03926551
ETH-USD,backtest_v2,2026-01-22 00:00:00+00:00,2979.59,3008.81,3002.81,2978.11,122373866.2178,367465469217.47205,3720.04169783
ETH-USD,backtest_v2,2026-01-22 01:00:00+00:00,3003.0,3030.99,3025.89,3000.02,122373866.2178,370289858049.7789,3130.70121713
ETH-USD,backtest_v2,2026-01-22 02:00:00+00:00,3025.89,3035.84,3014.81,3012.12,122373866.2178,368933955612.08563,3353.82725132
ETH-USD,backtest_v2,2026-01-22 03:00:00+00:00,3014.82,3028.14,3010.7,2996.51,122373866.2178,368430999021.9305,2378.51083332
ETH-USD,backtest_v2,2026-01-22 04:00:00+00:00,3010.54,3021.9,3019.77,3008.34,122373866.2178,369540929988.52594,1972.47426043
ETH-USD,backtest_v2,2026-01-22 05:00:00+00:00,3019.77,3024.83,3017.02,3011.55,122373866.2178,369204401856.427,964.1518631
ETH-USD,backtest_v2,2026-01-22 06:00:00+00:00,3016.93,3024.58,3016.18,3006.13,122373866.2178,369101607808.804,2401.32246729
ETH-USD,backtest_v2,2026-01-22 07:00:00+00:00,3016.2,3019.68,2997.9,2997.19,122373866.2178,366864613534.34265,2793.78032153
ETH-USD,backtest_v2,2026-01-22 08:00:00+00:00,2997.89,3005.49,3002.6,2989.0,122373866.2178,367439770705.5663,4380.14773364
ETH-USD,backtest_v2,2026-01-22 09:00:00+00:00,3002.58,3013.59,3010.68,2999.9,122373866.2178,368428551544.6061,3494.86916386
ETH-USD,backtest_v2,2026-01-22 10:00:00+00:00,3010.68,3011.84,2999.83,2997.0,122373866.2178,367100795096.143,3678.3965072
ETH-USD,backtest_v2,2026-01-22 11:00:00+00:00,2999.82,3003.9,2983.31,2975.02,122373866.2178,365079178826.2249,7904.4865068
ETH-USD,backtest_v2,2026-01-22 12:00:00+00:00,2983.5,2995.28,2987.95,2975.17,122373866.2178,365646993565.4755,3481.90377328
ETH-USD,backtest_v2,2026-01-22 13:00:00+00:00,2987.96,3007.7,2970.3,2959.11,122373866.2178,363487094826.7314,3702.21069126
ETH-USD,backtest_v2,2026-01-22 14:00:00+00:00,2969.92,2979.64,2937.71,2931.84,122373866.2178,359498930526.69324,7711.6192672
ETH-USD,backtest_v2,2026-01-22 15:00:00+00:00,2937.88,2965.84,2939.3,2902.91,122373866.2178,359693504973.97955,9151.65645382
ETH-USD,backtest_v2,2026-01-22 16:00:00+00:00,2939.31,2956.2,2943.48,2921.21,122373866.2178,360205027734.76996,5708.47450678
ETH-USD,backtest_v2,2026-01-22 17:00:00+00:00,2943.45,2961.42,2958.74,2932.01,122373866.2178,362072452933.25354,9667.16932004
ETH-USD,backtest_v2,2026-01-22 18:00:00+00:00,2958.69,2969.58,2936.31,2934.21,122373866.2178,359327607113.98834,16174.19080357
ETH-USD,backtest_v2,2026-01-22 19:00:00+00:00,2936.3,2960.83,2951.3,2925.01,122373866.2178,361161991368.5932,6561.10717587
ETH-USD,backtest_v2,2026-01-22 20:00:00+00:00,2951.3,2955.19,2935.63,2927.3,122373866.2178,359244392884.96027,6138.35014975
ETH-USD,backtest_v2,2026-01-22 21:00:00+00:00,2935.27,2948.23,2942.45,2929.87,122373866.2178,360078982652.5656,4514.57932787
ETH-USD,backtest_v2,2026-01-22 22:00:00+00:00,2942.64,2955.96,2948.74,2939.84,122373866.2178,360848714271.07556,2629.02738658
ETH-USD,backtest_v2,2026-01-22 23:00:00+00:00,2948.65,2952.89,2949.36,2936.4,122373866.2178,360924586068.1306,2583.42614213
ETH-USD,backtest_v2,2026-01-23 00:00:00+00:00,2949.36,2954.86,2950.34,2942.71,122373866.2178,361044512457.0241,3216.59049737
ETH-USD,backtest_v2,2026-01-23 01:00:00+00:00,2950.25,2966.8,2965.95,2950.03,122373866.2178,362954768508.6839,2769.38295251
ETH-USD,backtest_v2,2026-01-23 02:00:00+00:00,2965.65,2968.79,2949.27,2949.27,122373866.2178,360913572420.171,3040.11453308
ETH-USD,backtest_v2,2026-01-23 03:00:00+00:00,2949.27,2962.28,2961.22,2948.24,122373866.2178,362375940121.4737,2523.88529106
ETH-USD,backtest_v2,2026-01-23 04:00:00+00:00,2961.22,2981.11,2974.5,2959.53,122373866.2178,364001065064.8461,3387.09670844
ETH-USD,backtest_v2,2026-01-23 05:00:00+00:00,2974.5,2974.82,2964.97,2960.36,122373866.2178,362834842119.79047,2721.10867402
ETH-USD,backtest_v2,2026-01-23 06:00:00+00:00,2964.81,2971.65,2936.07,2933.85,122373866.2178,359298237386.09607,3397.74410103
ETH-USD,backtest_v2,2026-01-23 07:00:00+00:00,2936.23,2947.81,2944.5,2931.32,122373866.2178,360329849078.31213,2591.06081144
ETH-USD,backtest_v2,2026-01-23 08:00:00+00:00,2944.35,2947.22,2923.51,2918.19,122373866.2178,357761221626.4005,3523.70745102
ETH-USD,backtest_v2,2026-01-23 09:00:00+00:00,2923.5,2930.99,2917.05,2910.01,122373866.2178,356970686450.63354,6402.69973832
ETH-USD,backtest_v2,2026-01-23 10:00:00+00:00,2917.11,2930.85,2927.09,2910.76,122373866.2178,358199320067.46027,3491.99531077
ETH-USD,backtest_v2,2026-01-23 11:00:00+00:00,2927.09,2942.49,2936.88,2924.57,122373866.2178,359397360217.7325,1409.83504724
ETH-USD,backtest_v2,2026-01-23 12:00:00+00:00,2936.87,2936.87,2930.86,2925.07,122373866.2178,358660669543.1013,1125.82687541
ETH-USD,backtest_v2,2026-01-23 13:00:00+00:00,2930.86,2940.24,2927.2,2923.21,122373866.2178,358212781192.74414,2727.83617125
ETH-USD,backtest_v2,2026-01-23 14:00:00+00:00,2927.1,2938.59,2912.15,2888.01,122373866.2178,356371054506.1663,9766.81828897
ETH-USD,backtest_v2,2026-01-23 15:00:00+00:00,2912.4,2961.42,2949.1,2895.07,122373866.2178,360892768862.914,8607.04387047
ETH-USD,backtest_v2,2026-01-23 16:00:00+00:00,2949.09,2977.0,2964.73,2934.81,122373866.2178,362805472391.8982,9168.76407771
ETH-USD,backtest_v2,2026-01-23 17:00:00+00:00,2964.58,3015.0,2983.68,2956.23,122373866.2178,365124457156.7255,10719.91517937
ETH-USD,backtest_v2,2026-01-23 18:00:00+00:00,2983.67,3005.1,2985.21,2974.32,122373866.2178,365311689172.03876,6085.54126729
ETH-USD,backtest_v2,2026-01-23 19:00:00+00:00,2985.21,2985.34,2956.13,2943.01,122373866.2178,361753057142.4252,6530.23895558
ETH-USD,backtest_v2,2026-01-23 20:00:00+00:00,2956.13,2960.29,2936.25,2927.01,122373866.2178,359320264682.01526,5239.47692174
ETH-USD,backtest_v2,2026-01-23 21:00:00+00:00,2936.38,2949.77,2940.5,2934.53,122373866.2178,359840353613.4409,2829.99224797
ETH-USD,backtest_v2,2026-01-23 22:00:00+00:00,2940.49,2959.48,2956.2,2939.31,122373866.2178,361761623313.06036,1500.34349248
ETH-USD,backtest_v2,2026-01-23 23:00:00+00:00,2956.21,2956.21,2952.77,2947.2,122373866.2178,361341880951.93335,1209.34927193
ETH-USD,backtest_v2,2026-01-24 00:00:00+00:00,2952.76,2955.4,2947.15,2945.0,122373866.2178,360654139823.7893,1962.56538326
ETH-USD,backtest_v2,2026-01-24 01:00:00+00:00,2947.14,2955.7,2952.3,2946.1,122373866.2178,361284365234.811,1561.11682439
ETH-USD,backtest_v2,2026-01-24 02:00:00+00:00,2952.23,2958.31,2955.55,2950.5,122373866.2178,361682080300.01886,1138.14644291
ETH-USD,backtest_v2,2026-01-24 03:00:00+00:00,2955.54,2966.14,2958.4,2953.0,122373866.2178,362030845818.73956,3291.3380527
ETH-USD,backtest_v2,2026-01-24 04:00:00+00:00,2958.4,2962.9,2959.68,2955.45,122373866.2178,362187484367.4983,876.84090153
ETH-USD,backtest_v2,2026-01-24 05:00:00+00:00,2959.68,2962.37,2957.44,2953.25,122373866.2178,361913366907.1705,940.69143128
ETH-USD,backtest_v2,2026-01-24 06:00:00+00:00,2957.48,2959.7,2957.1,2954.36,122373866.2178,361871759792.6564,836.01521727
ETH-USD,backtest_v2,2026-01-24 07:00:00+00:00,2957.1,2957.53,2952.88,2949.89,122373866.2178,361355342077.2173,1567.15072415
ETH-USD,backtest_v2,2026-01-24 08:00:00+00:00,2952.62,2959.09,2958.69,2950.53,122373866.2178,362066334239.9427,1863.57032427
ETH-USD,backtest_v2,2026-01-24 09:00:00+00:00,2958.69,2960.49,2956.54,2955.41,122373866.2178,361803230427.5744,542.58811713
ETH-USD,backtest_v2,2026-01-24 10:00:00+00:00,2956.54,2958.13,2957.47,2954.32,122373866.2178,361917038123.157,415.12885769
ETH-USD,backtest_v2,2026-01-24 11:00:00+00:00,2957.46,2960.3,2956.6,2955.79,122373866.2178,361810572859.5475,622.94605384
ETH-USD,backtest_v2,2026-01-24 12:00:00+00:00,2956.6,2960.25,2958.48,2954.82,122373866.2178,362040635728.037,745.73300047
ETH-USD,backtest_v2,2026-01-24 13:00:00+00:00,2958.43,2959.87,2948.15,2948.15,122373866.2178,360776513690.0071,899.59403547
ETH-USD,backtest_v2,2026-01-24 14:00:00+00:00,2942.42,2956.0,2955.59,2939.8,122373866.2178,361686975254.66754,1301.54729567
ETH-USD,backtest_v2,2026-01-24 15:00:00+00:00,2955.59,2964.2,2952.73,2951.03,122373866.2178,361336985997.2846,1321.02443509
ETH-USD,backtest_v2,2026-01-24 16:00:00+00:00,2952.72,2957.68,2954.39,2947.19,122373866.2178,361540126615.2061,1387.95017386
ETH-USD,backtest_v2,2026-01-24 17:00:00+00:00,2954.39,2961.68,2959.15,2953.19,122373866.2178,362122626218.4029,1444.0985994
ETH-USD,backtest_v2,2026-01-24 18:00:00+00:00,2959.65,2964.25,2959.08,2957.0,122373866.2178,362114060047.76764,1035.47710349
ETH-USD,backtest_v2,2026-01-24 19:00:00+00:00,2959.09,2959.94,2949.36,2948.11,122373866.2178,360924586068.1306,1475.67981926
ETH-USD,backtest_v2,2026-01-24 20:00:00+00:00,2949.36,2954.6,2951.8,2949.17,122373866.2178,361223178301.7021,1100.85654608
ETH-USD,backtest_v2,2026-01-24 21:00:00+00:00,2951.8,2953.92,2953.92,2944.91,122373866.2178,361482610898.0838,1409.06125496
ETH-USD,backtest_v2,2026-01-24 22:00:00+00:00,2953.92,2960.03,2958.68,2953.92,122373866.2178,362065110501.2805,920.83844857
ETH-USD,backtest_v2,2026-01-24 23:00:00+00:00,2958.8,2959.93,2948.86,2948.15,122373866.2178,360863399135.0217,1282.13388921
ETH-USD,backtest_v2,2026-01-25 00:00:00+00:00,2948.85,2954.77,2954.76,2948.11,122373866.2178,361585404945.7068,1014.87741571
ETH-USD,backtest_v2,2026-01-25 01:00:00+00:00,2954.74,2956.13,2950.61,2945.36,122373866.2178,361077553400.9029,1433.9870094
ETH-USD,backtest_v2,2026-01-25 02:00:00+00:00,2950.65,2953.57,2948.96,2948.49,122373866.2178,360875636521.6435,981.72520337
ETH-USD,backtest_v2,2026-01-25 03:00:00+00:00,2948.96,2949.94,2938.42,2933.01,122373866.2178,359585815971.7079,2142.50709588
ETH-USD,backtest_v2,2026-01-25 04:00:00+00:00,2938.42,2945.13,2941.01,2936.0,122373866.2178,359902764285.21204,1210.13392484
ETH-USD,backtest_v2,2026-01-25 05:00:00+00:00,2941.02,2944.56,2942.88,2937.77,122373866.2178,360131603415.0393,775.71680664
ETH-USD,backtest_v2,2026-01-25 06:00:00+00:00,2942.88,2943.03,2939.77,2929.99,122373866.2178,359751020691.1019,1618.82323838
ETH-USD,backtest_v2,2026-01-25 07:00:00+00:00,2939.77,2939.77,2935.33,2934.22,122373866.2178,359207680725.0949,743.04208655
ETH-USD,backtest_v2,2026-01-25 08:00:00+00:00,2935.32,2940.41,2924.81,2916.41,122373866.2178,357920307652.48364,1565.11865902
ETH-USD,backtest_v2,2026-01-25 09:00:00+00:00,2924.69,2934.8,2931.1,2922.31,122373866.2178,358690039270.9936,854.52112057
ETH-USD,backtest_v2,2026-01-25 10:00:00+00:00,2931.1,2943.66,2940.67,2930.97,122373866.2178,359861157170.69794,903.30779152
ETH-USD,backtest_v2,2026-01-25 11:00:00+00:00,2940.49,2941.96,2932.79,2927.93,122373866.2178,358896851104.9017,1086.85263049
ETH-USD,backtest_v2,2026-01-25 12:00:00+00:00,2932.79,2940.26,2938.21,2927.91,122373866.2178,359560117459.8022,1261.57012612
ETH-USD,backtest_v2,2026-01-25 13:00:00+00:00,2938.25,2940.97,2937.82,2930.98,122373866.2178,359512391651.97723,1165.80561622
ETH-USD,backtest_v2,2026-01-25 14:00:00+00:00,2937.5,2938.77,2928.3,2920.56,122373866.2178,358347392445.5838,2046.91845606
ETH-USD,backtest_v2,2026-01-25 15:00:00+00:00,2928.25,2931.94,2922.86,2917.68,122373866.2178,357681678613.35895,1316.70088607
ETH-USD,backtest_v2,2026-01-25 16:00:00+00:00,2922.86,2923.68,2892.98,2872.29,122373866.2178,354025147490.77106,7501.93219748
ETH-USD,backtest_v2,2026-01-25 17:00:00+00:00,2893.02,2894.69,2880.53,2875.0,122373866.2178,352501592856.3595,4454.31725975
ETH-USD,backtest_v2,2026-01-25 18:00:00+00:00,2880.7,2885.16,2844.62,2825.27,122373866.2178,348107147320.4782,35589.9996844
ETH-USD,backtest_v2,2026-01-25 19:00:00+00:00,2844.75,2854.68,2810.13,2793.41,122373866.2178,343886472674.62634,8763.33432765
ETH-USD,backtest_v2,2026-01-25 20:00:00+00:00,2810.23,2821.44,2807.01,2784.23,122373866.2178,343504666212.0268,6850.44839731
ETH-USD,backtest_v2,2026-01-25 21:00:00+00:00,2807.0,2823.02,2816.1,2799.52,122373866.2178,344617044655.9466,5134.21893686
ETH-USD,backtest_v2,2026-01-25 22:00:00+00:00,2815.97,2816.39,2804.23,2787.17,122373866.2178,343164466863.9413,5011.20798175
ETH-USD,backtest_v2,2026-01-25 23:00:00+00:00,2804.24,2818.5,2814.28,2783.26,122373866.2178,344394324219.43024,7494.2164782
ETH-USD,backtest_v2,2026-01-26 00:00:00+00:00,2814.19,2844.24,2838.72,2809.43,122373866.2178,347385141509.7932,7356.78321035
ETH-USD,backtest_v2,2026-01-26 01:00:00+00:00,2838.81,2895.44,2879.46,2835.27,122373866.2178,352370652819.5064,9104.06323313
ETH-USD,backtest_v2,2026-01-26 02:00:00+00:00,2879.6,2882.01,2862.45,2860.09,122373866.2178,350289073355.1416,4627.31355605
ETH-USD,backtest_v2,2026-01-26 03:00:00+00:00,2862.26,2868.83,2846.92,2837.11,122373866.2178,348388607212.7792,4623.56795463
ETH-USD,backtest_v2,2026-01-26 04:00:00+00:00,2846.96,2871.97,2862.3,2845.98,122373866.2178,350270717275.209,4019.41821701
ETH-USD,backtest_v2,2026-01-26 05:00:00+00:00,2862.46,2869.86,2866.09,2856.18,122373866.2178,350734514228.17444,1833.13239722
ETH-USD,backtest_v2,2026-01-26 06:00:00+00:00,2866.07,2889.75,2888.07,2862.54,122373866.2178,353424291807.64166,3211.60963479
ETH-USD,backtest_v2,2026-01-26 07:00:00+00:00,2888.06,2907.13,2900.0,2882.66,122373866.2178,354884212031.62,5073.23937297
ETH-USD,backtest_v2,2026-01-26 08:00:00+00:00,2900.0,2930.5,2909.08,2893.96,122373866.2178,355995366736.8776,5119.79157269
ETH-USD,backtest_v2,2026-01-26 09:00:00+00:00,2909.09,2910.14,2882.56,2877.9,122373866.2178,352750011804.78156,3969.3373012
ETH-USD,backtest_v2,2026-01-26 10:00:00+00:00,2882.57,2898.47,2893.31,2881.45,122373866.2178,354065530866.6229,1565.47320256
ETH-USD,backtest_v2,2026-01-26 11:00:00+00:00,2893.3,2898.04,2889.5,2885.11,122373866.2178,353599286436.3331,1548.01927831
ETH-USD,backtest_v2,2026-01-26 12:00:00+00:00,2889.5,2911.5,2899.7,2889.5,122373866.2178,354847499871.75464,2424.60673447
ETH-USD,backtest_v2,2026-01-26 13:00:00+00:00,2899.67,2908.62,2906.86,2894.29,122373866.2178,355723696753.87415,2645.11305377
ETH-USD,backtest_v2,2026-01-26 14:00:00+00:00,2906.86,2931.08,2919.9,2872.46,122373866.2178,357319451969.35425,11974.466756
ETH-USD,backtest_v2,2026-01-26 15:00:00+00:00,2919.62,2948.49,2896.21,2884.56,122373866.2178,354420415078.65454,11740.4847325
ETH-USD,backtest_v2,2026-01-26 16:00:00+00:00,2896.17,2914.9,2898.3,2888.94,122373866.2178,354676176459.0498,10514.45595041
ETH-USD,backtest_v2,2026-01-26 17:00:00+00:00,2898.47,2913.0,2906.47,2883.32,122373866.2178,355675970946.04913,7131.45964542
ETH-USD,backtest_v2,2026-01-26 18:00:00+00:00,2906.44,2929.99,2929.02,2904.8,122373866.2178,358435501629.26056,8140.07334689
ETH-USD,backtest_v2,2026-01-26 19:00:00+00:00,2929.1,2933.19,2920.17,2915.53,122373866.2178,357352492913.23303,5866.0442765
ETH-USD,backtest_v2,2026-01-26 20:00:00+00:00,2920.15,2926.21,2898.2,2894.52,122373866.2178,354663939072.428,8143.31929959
ETH-USD,backtest_v2,2026-01-26 21:00:00+00:00,2898.07,2940.0,2925.88,2892.47,122373866.2178,358051247689.3367,5938.92822155
ETH-USD,backtest_v2,2026-01-26 22:00:00+00:00,2925.87,2934.0,2924.18,2916.4,122373866.2178,357843212116.7664,3121.66801986
ETH-USD,backtest_v2,2026-01-26 23:00:00+00:00,2924.18,2942.18,2926.85,2915.17,122373866.2178,358169950339.56793,5336.84686023
ETH-USD,backtest_v2,2026-01-27 00:00:00+00:00,2926.89,2927.9,2917.1,2914.0,122373866.2178,356976805143.9444,3307.47192883
ETH-USD,backtest_v2,2026-01-27 01:00:00+00:00,2917.09,2936.62,2928.99,2908.5,122373866.2178,358431830413.274,6602.98573056
ETH-USD,backtest_v2,2026-01-27 02:00:00+00:00,2929.0,2943.73,2941.42,2928.99,122373866.2178,359952937570.3613,4025.29770856
ETH-USD,backtest_v2,2026-01-27 03:00:00+00:00,2941.41,2945.28,2937.96,2932.68,122373866.2178,359529523993.2477,2829.89227219
ETH-USD,backtest_v2,2026-01-27 04:00:00+00:00,2937.47,2952.99,2937.11,2933.14,122373866.2178,359425506206.9626,3110.43294205
ETH-USD,backtest_v2,2026-01-27 05:00:00+00:00,2937.04,2938.61,2935.9,2929.7,122373866.2178,359277433828.83905,2277.72448061
ETH-USD,backtest_v2,2026-01-27 06:00:00+00:00,2935.9,2939.19,2925.27,2920.68,122373866.2178,357976599630.94385,2402.05882943
ETH-USD,backtest_v2,2026-01-27 07:00:00+00:00,2925.27,2933.87,2925.35,2923.75,122373866.2178,357986389540.2412,1861.20093077
ETH-USD,backtest_v2,2026-01-27 08:00:00+00:00,2925.3,2929.18,2919.18,2916.06,122373866.2178,357231342785.6774,2283.58671156
ETH-USD,backtest_v2,2026-01-27 09:00:00+00:00,2919.17,2919.17,2903.79,2903.26,122373866.2178,355348008984.58545,2061.38215725
ETH-USD,backtest_v2,2026-01-27 10:00:00+00:00,2903.79,2911.24,2899.42,2897.4,122373866.2178,354813235189.2137,1573.01117983
ETH-USD,backtest_v2,2026-01-27 11:00:00+00:00,2899.42,2918.05,2912.9,2895.61,122373866.2178,356462834905.82965,1534.63366255
ETH-USD,backtest_v2,2026-01-27 12:00:00+00:00,2912.87,2923.91,2914.66,2911.5,122373866.2178,356678212910.3729,1922.58087734
ETH-USD,backtest_v2,2026-01-27 13:00:00+00:00,2914.66,2915.67,2908.66,2901.91,122373866.2178,355943969713.06616,1963.78972875
ETH-USD,backtest_v2,2026-01-27 14:00:00+00:00,2908.66,2939.17,2914.22,2902.45,122373866.2178,356624368409.2371,6813.82675144
ETH-USD,backtest_v2,2026-01-27 15:00:00+00:00,2914.31,2938.0,2933.77,2908.61,122373866.2178,359016777493.7951,7125.90600501
ETH-USD,backtest_v2,2026-01-27 16:00:00+00:00,2933.77,2995.29,2987.4,2930.86,122373866.2178,365579687939.0557,9913.57629829
ETH-USD,backtest_v2,2026-01-27 17:00:00+00:00,2987.39,2991.32,2926.47,2913.82,122373866.2178,358123448270.40515,8683.41461698
ETH-USD,backtest_v2,2026-01-27 18:00:00+00:00,2926.54,2985.0,2974.5,2922.3,122373866.2178,364001065064.8461,7791.87709406
ETH-USD,backtest_v2,2026-01-27 19:00:00+00:00,2974.5,2988.25,2976.59,2962.08,122373866.2178,364256826445.24133,6171.39014202
ETH-USD,backtest_v2,2026-01-27 20:00:00+00:00,2976.53,3025.97,3018.48,2974.62,122373866.2178,369383067701.105,13675.76895113
ETH-USD,backtest_v2,2026-01-27 21:00:00+00:00,3018.46,3027.04,3011.7,3002.0,122373866.2178,368553372888.14825,8550.70055363
ETH-USD,backtest_v2,2026-01-27 22:00:00+00:00,3011.69,3018.99,3015.28,2999.24,122373866.2178,368991471329.208,3438.49649282
ETH-USD,backtest_v2,2026-01-27 23:00:00+00:00,3015.28,3031.39,3021.91,3006.1,122373866.2178,369802810062.232,4460.13911203
ETH-USD,backtest_v2,2026-01-28 00:00:00+00:00,3021.9,3025.49,3019.92,3011.21,122373866.2178,369559286068.4586,2547.16870921
ETH-USD,backtest_v2,2026-01-28 01:00:00+00:00,3020.08,3022.52,3013.94,3002.54,122373866.2178,368827490348.47614,2792.13783745
ETH-USD,backtest_v2,2026-01-28 02:00:00+00:00,3013.93,3014.35,3006.29,3001.2,122373866.2178,367891330271.91,2487.84570526
ETH-USD,backtest_v2,2026-01-28 03:00:00+00:00,3006.05,3008.07,3000.78,2992.39,122373866.2178,367217050269.0499,3591.82902996
ETH-USD,backtest_v2,2026-01-28 04:00:00+00:00,3000.79,3002.53,2995.58,2984.65,122373866.2178,366580706164.71735,2865.06640791
ETH-USD,backtest_v2,2026-01-28 05:00:00+00:00,2995.58,3004.8,3000.16,2992.65,122373866.2178,367141178471.9949,2256.60795141
ETH-USD,backtest_v2,2026-01-28 06:00:00+00:00,3000.14,3014.35,3010.19,2999.06,122373866.2178,368368588350.1594,2489.56565338
ETH-USD,backtest_v2,2026-01-28 07:00:00+00:00,3010.2,3011.21,3000.72,2997.69,122373866.2178,367209707837.0768,2043.75224085
ETH-USD,backtest_v2,2026-01-28 08:00:00+00:00,3000.72,3002.54,2986.31,2984.1,122373866.2178,365446300424.87836,3472.93110541
ETH-USD,backtest_v2,2026-01-28 09:00:00+00:00,2986.21,3013.47,3013.41,2982.0,122373866.2178,368762632199.3807,4750.6578627
ETH-USD,backtest_v2,2026-01-28 10:00:00+00:00,3013.47,3035.29,3021.64,3008.53,122373866.2178,369769769118.3532,6121.5605158
ETH-USD,backtest_v2,2026-01-28 11:00:00+00:00,3021.63,3041.41,3035.74,3011.25,122373866.2178,371495240632.0242,3964.63941752
ETH-USD,backtest_v2,2026-01-28 12:00:00+00:00,3035.73,3036.36,3027.02,3019.78,122373866.2178,370428140518.605,3485.77631397
ETH-USD,backtest_v2,2026-01-28 13:00:00+00:00,3027.18,3041.67,3030.65,3025.33,122373866.2178,370872357652.9756,6523.62272674
ETH-USD,backtest_v2,2026-01-28 14:00:00+00:00,3030.64,3030.91,3008.65,3002.89,122373866.2178,368180132596.184,6150.409311
ETH-USD,backtest_v2,2026-01-28 15:00:00+00:00,3008.64,3016.98,3003.89,2979.21,122373866.2178,367597632992.98724,5815.88831313
ETH-USD,backtest_v2,2026-01-28 16:00:00+00:00,3003.9,3014.71,2995.63,2991.79,122373866.2178,366586824858.02826,4863.77348317
ETH-USD,backtest_v2,2026-01-28 17:00:00+00:00,2995.63,3028.13,3010.98,2985.16,122373866.2178,368465263704.47144,5859.38859149
ETH-USD,backtest_v2,2026-01-28 18:00:00+00:00,3010.98,3021.28,3011.29,2995.94,122373866.2178,368503199602.99896,5263.04978743
ETH-USD,backtest_v2,2026-01-28 19:00:00+00:00,3011.29,3020.71,3013.04,2992.46,122373866.2178,368717353868.8801,10736.42019215
ETH-USD,backtest_v2,2026-01-28 20:00:00+00:00,3012.58,3034.78,3007.58,3004.14,122373866.2178,368049192559.33093,6878.32584872
ETH-USD,backtest_v2,2026-01-28 21:00:00+00:00,3007.54,3018.99,3017.16,2991.83,122373866.2178,369221534197.69745,6381.49359958
ETH-USD,backtest_v2,2026-01-28 22:00:00+00:00,3017.33,3022.6,3014.05,3003.77,122373866.2178,368840951473.76013,3239.10977849
ETH-USD,backtest_v2,2026-01-28 23:00:00+00:00,3014.05,3018.35,3006.17,3003.22,122373866.2178,367876645407.96387,3590.14206924
ETH-USD,backtest_v2,2026-01-29 00:00:00+00:00,3006.17,3009.5,3005.08,2992.01,122373866.2178,367743257893.78644,4775.30027005
ETH-USD,backtest_v2,2026-01-29 01:00:00+00:00,3005.13,3007.34,2988.49,2981.37,122373866.2178,365713075453.2331,3479.74634356
ETH-USD,backtest_v2,2026-01-29 02:00:00+00:00,2988.48,2995.01,2954.86,2940.01,122373866.2178,361597642332.32855,5278.68824189
ETH-USD,backtest_v2,2026-01-29 03:00:00+00:00,2954.89,2967.85,2948.07,2941.76,122373866.2178,360766723780.70966,7733.17820193
ETH-USD,backtest_v2,2026-01-29 04:00:00+00:00,2948.07,2956.05,2954.7,2932.91,122373866.2178,361578062513.73364,6900.31479042
ETH-USD,backtest_v2,2026-01-29 05:00:00+00:00,2954.7,2960.72,2946.61,2943.42,122373866.2178,360588057936.0317,2464.34129725
ETH-USD,backtest_v2,2026-01-29 06:00:00+00:00,2946.78,2955.97,2951.49,2945.42,122373866.2178,361185242403.1745,1853.33418185
ETH-USD,backtest_v2,2026-01-29 07:00:00+00:00,2951.58,2960.26,2957.13,2950.75,122373866.2178,361875431008.64294,2305.42646299
ETH-USD,backtest_v2,2026-01-29 08:00:00+00:00,2957.1,2964.79,2947.87,2938.9,122373866.2178,360742249007.46606,3769.20573171
ETH-USD,backtest_v2,2026-01-29 09:00:00+00:00,2947.87,2950.59,2937.92,2937.67,122373866.2178,359524629038.599,2166.13554769
ETH-USD,backtest_v2,2026-01-29 10:00:00+00:00,2937.92,2944.57,2939.77,2936.35,122373866.2178,359751020691.1019,1902.21120921
ETH-USD,backtest_v2,2026-01-29 11:00:00+00:00,2939.79,2940.37,2924.66,2918.76,122373866.2178,357901951572.55096,3985.14592487
ETH-USD,backtest_v2,2026-01-29 12:00:00+00:00,2924.55,2933.85,2931.83,2920.05,122373866.2178,358779372193.3326,2103.78289123
ETH-USD,backtest_v2,2026-01-29 13:00:00+00:00,2931.82,2934.9,2931.28,2926.5,122373866.2178,358712066566.91284,2087.46477976
ETH-USD,backtest_v2,2026-01-29 14:00:00+00:00,2931.58,2932.29,2871.15,2870.11,122373866.2178,351353725991.2365,10048.2791794
ETH-USD,backtest_v2,2026-01-29 15:00:00+00:00,2871.26,2872.66,2819.0,2791.8,122373866.2178,344971928867.9782,29037.60812323
ETH-USD,backtest_v2,2026-01-29 16:00:00+00:00,2819.19,2832.58,2830.39,2796.85,122373866.2178,346365767204.199,18105.65305535
ETH-USD,backtest_v2,2026-01-29 17:00:00+00:00,2830.4,2856.39,2820.3,2814.46,122373866.2178,345131014894.0614,11499.10822719
ETH-USD,backtest_v2,2026-01-29 18:00:00+00:00,2820.05,2830.14,2759.04,2750.36,122373866.2178,337634391849.5589,24137.71329992
ETH-USD,backtest_v2,2026-01-29 19:00:00+00:00,2759.09,2806.26,2792.28,2752.33,122373866.2178,341702099162.6386,12068.83929506
ETH-USD,backtest_v2,2026-01-29 20:00:00+00:00,2792.28,2807.47,2801.08,2783.71,122373866.2178,342778989185.3552,8392.9134236
ETH-USD,backtest_v2,2026-01-29 21:00:00+00:00,2801.39,2820.38,2814.97,2800.08,122373866.2178,344478762187.1205,5340.73165122
ETH-USD,backtest_v2,2026-01-29 22:00:00+00:00,2815.06,2820.7,2815.49,2806.33,122373866.2178,344542396597.5537,2953.9061209
ETH-USD,backtest_v2,2026-01-29 23:00:00+00:00,2815.56,2823.16,2817.79,2808.51,122373866.2178,344823856489.8547,4751.12697106
ETH-USD,backtest_v2,2026-01-30 00:00:00+00:00,2817.78,2824.54,2800.13,2797.68,122373866.2178,342662734012.44836,3014.40510663
ETH-USD,backtest_v2,2026-01-30 01:00:00+00:00,2800.43,2808.71,2743.01,2681.63,122373866.2178,335672738774.08765,14815.87181126
ETH-USD,backtest_v2,2026-01-30 02:00:00+00:00,2743.2,2746.53,2732.55,2695.16,122373866.2178,334392708133.4494,11100.01840692
ETH-USD,backtest_v2,2026-01-30 03:00:00+00:00,2732.55,2743.82,2736.9,2729.77,122373866.2178,334925034451.4968,5087.44210063
ETH-USD,backtest_v2,2026-01-30 04:00:00+00:00,2736.85,2770.38,2748.89,2734.01,122373866.2178,336392297107.44824,4405.27754309
ETH-USD,backtest_v2,2026-01-30 05:00:00+00:00,2748.89,2756.66,2742.52,2742.39,122373866.2178,335612775579.64087,4069.79546575
ETH-USD,backtest_v2,2026-01-30 06:00:00+00:00,2742.68,2744.28,2714.05,2692.97,122373866.2178,332128791608.4201,6430.54726893
ETH-USD,backtest_v2,2026-01-30 07:00:00+00:00,2714.04,2746.1,2735.39,2713.42,122373866.2178,334740249913.50793,4482.1751128
ETH-USD,backtest_v2,2026-01-30 08:00:00+00:00,2735.59,2743.59,2732.8,2717.86,122373866.2178,334423301600.0039,2323.77796507
ETH-USD,backtest_v2,2026-01-30 09:00:00+00:00,2732.78,2739.43,2717.53,2705.5,122373866.2178,332554652662.8581,4100.75266578
ETH-USD,backtest_v2,2026-01-30 10:00:00+00:00,2717.52,2732.42,2731.4,2706.97,122373866.2178,334251978187.29895,2829.87059597
ETH-USD,backtest_v2,2026-01-30 11:00:00+00:00,2731.86,2764.16,2755.43,2729.58,122373866.2178,337192622192.51263,3128.82802552
ETH-USD,backtest_v2,2026-01-30 12:00:00+00:00,2755.14,2761.94,2735.89,2733.3,122373866.2178,334801436846.6168,2849.80729242
ETH-USD,backtest_v2,2026-01-30 13:00:00+00:00,2735.84,2745.84,2725.3,2714.13,122373866.2178,333505497603.37036,6030.08219757
ETH-USD,backtest_v2,2026-01-30 14:00:00+00:00,2725.3,2760.3,2732.66,2720.26,122373866.2178,334406169258.73334,11427.9086559
ETH-USD,backtest_v2,2026-01-30 15:00:00+00:00,2732.67,2748.31,2725.5,2690.0,122373866.2178,333529972376.6139,23215.21379892
ETH-USD,backtest_v2,2026-01-30 16:00:00+00:00,2725.35,2740.0,2722.44,2701.81,122373866.2178,333155508345.9874,11012.82824738
ETH-USD,backtest_v2,2026-01-30 17:00:00+00:00,2722.44,2737.03,2708.11,2701.21,122373866.2178,331401890843.08636,10052.98058153
ETH-USD,backtest_v2,2026-01-30 18:00:00+00:00,2708.1,2745.76,2735.49,2632.39,122373866.2178,334752487300.1297,23076.43520585
ETH-USD,backtest_v2,2026-01-30 19:00:00+00:00,2735.73,2760.02,2738.26,2730.84,122373866.2178,335091462909.5531,15670.42601863
ETH-USD,backtest_v2,2026-01-30 20:00:00+00:00,2738.4,2739.1,2676.19,2660.0,122373866.2178,327495717033.4142,19962.96219387
ETH-USD,backtest_v2,2026-01-30 21:00:00+00:00,2676.14,2710.81,2700.68,2672.89,122373866.2178,330492653017.0881,11477.46671118
ETH-USD,backtest_v2,2026-01-30 22:00:00+00:00,2700.4,2705.7,2705.7,2688.49,122373866.2178,331106969825.50146,2215.53385155
ETH-USD,backtest_v2,2026-01-30 23:00:00+00:00,2705.57,2707.44,2702.69,2690.17,122373866.2178,330738624488.1859,3564.62461626
ETH-USD,backtest_v2,2026-01-31 00:00:00+00:00,2702.68,2710.09,2701.95,2698.43,122373866.2178,330648067827.1847,4252.96221716
ETH-USD,backtest_v2,2026-01-31 01:00:00+00:00,2701.94,2709.84,2695.28,2692.23,122373866.2178,329831834139.512,6449.59233566
ETH-USD,backtest_v2,2026-01-31 02:00:00+00:00,2695.29,2703.95,2697.22,2679.64,122373866.2178,330069239439.9745,6181.35844033
ETH-USD,backtest_v2,2026-01-31 03:00:00+00:00,2697.23,2702.08,2691.22,2689.88,122373866.2178,329334996242.6677,4010.23779979
ETH-USD,backtest_v2,2026-01-31 04:00:00+00:00,2691.22,2700.0,2690.65,2688.1,122373866.2178,329265243138.9236,5756.33489889
ETH-USD,backtest_v2,2026-01-31 05:00:00+00:00,2690.64,2698.57,2692.87,2685.35,122373866.2178,329536913121.92706,4244.18053684
ETH-USD,backtest_v2,2026-01-31 06:00:00+00:00,2692.87,2695.9,2687.82,2678.77,122373866.2178,328918925097.5272,4896.48858409
ETH-USD,backtest_v2,2026-01-31 07:00:00+00:00,2687.82,2688.84,2675.25,2663.38,122373866.2178,327380685599.1695,5486.50926525
ETH-USD,backtest_v2,2026-01-31 08:00:00+00:00,2675.26,2678.61,2639.08,2604.76,122373866.2178,322954422858.07166,15493.28401673
ETH-USD,backtest_v2,2026-01-31 09:00:00+00:00,2639.33,2654.98,2643.83,2629.05,122373866.2178,323535698722.6062,5158.12116321
ETH-USD,backtest_v2,2026-01-31 10:00:00+00:00,2643.9,2650.97,2646.96,2631.31,122373866.2178,323918728923.8679,4814.96508136
ETH-USD,backtest_v2,2026-01-31 11:00:00+00:00,2646.92,2646.92,2635.8,2626.91,122373866.2178,322553036576.87726,4166.66262624
ETH-USD,backtest_v2,2026-01-31 12:00:00+00:00,2635.84,2640.05,2629.13,2623.58,122373866.2178,321736802889.2045,4862.27061633
ETH-USD,backtest_v2,2026-01-31 13:00:00+00:00,2629.19,2633.4,2625.01,2613.81,122373866.2178,321232622560.3872,4447.58844796
ETH-USD,backtest_v2,2026-01-31 14:00:00+00:00,2625.0,2632.27,2535.2,2507.23,122373866.2178,310242225635.3666,22305.67828377
ETH-USD,backtest_v2,2026-01-31 15:00:00+00:00,2535.0,2550.85,2530.11,2522.35,122373866.2178,309619342656.318,8570.72149548
ETH-USD,backtest_v2,2026-01-31 16:00:00+00:00,2530.14,2547.03,2479.3,2465.1,122373866.2178,303401526513.79156,16840.64840999
ETH-USD,backtest_v2,2026-01-31 17:00:00+00:00,2479.21,2491.0,2399.91,2370.0,122373866.2178,293686265274.7604,26307.08435799
ETH-USD,backtest_v2,2026-01-31 18:00:00+00:00,2399.88,2413.85,2378.32,2238.74,122373866.2178,291044213503.1181,26322.26249574
ETH-USD,backtest_v2,2026-01-31 19:00:00+00:00,2378.27,2430.6,2379.73,2368.68,122373866.2178,291216760654.4852,17072.14623374
ETH-USD,backtest_v2,2026-01-31 20:00:00+00:00,2380.16,2403.85,2379.43,2351.27,122373866.2178,291180048494.6199,13321.49218624
ETH-USD,backtest_v2,2026-01-31 21:00:00+00:00,2379.11,2420.88,2416.54,2369.93,122373866.2178,295721342669.9624,9430.06874781
ETH-USD,backtest_v2,2026-01-31 22:00:00+00:00,2416.53,2422.31,2416.69,2403.4,122373866.2178,295739698749.8951,5513.75274664
ETH-USD,backtest_v2,2026-01-31 23:00:00+00:00,2416.68,2470.92,2449.36,2413.93,122373866.2178,299737652959.23065,10132.06745494
ETH-USD,backtest_v2,2026-02-01 00:00:00+00:00,2449.44,2473.86,2450.15,2443.47,122373866.2178,299834328313.5427,7779.66278496
ETH-USD,backtest_v2,2026-02-01 01:00:00+00:00,2450.11,2453.87,2442.09,2427.58,122373866.2178,298847994951.8272,4527.88928471
ETH-USD,backtest_v2,2026-02-01 02:00:00+00:00,2442.21,2458.91,2450.05,2437.68,122373866.2178,299822090926.9209,3968.75991511
ETH-USD,backtest_v2,2026-02-01 03:00:00+00:00,2450.15,2454.14,2442.87,2435.84,122373866.2178,298943446567.4771,2200.6168779
ETH-USD,backtest_v2,2026-02-01 04:00:00+00:00,2442.91,2451.82,2445.66,2439.05,122373866.2178,299284869654.22473,2523.5046857
ETH-USD,backtest_v2,2026-02-01 05:00:00+00:00,2445.93,2446.8,2428.12,2422.12,122373866.2178,297138432040.7645,3663.83517226
ETH-USD,backtest_v2,2026-02-01 06:00:00+00:00,2428.12,2437.77,2415.88,2406.28,122373866.2178,295640575918.25867,3759.13080498
ETH-USD,backtest_v2,2026-02-01 07:00:00+00:00,2415.87,2436.94,2408.6,2390.72,122373866.2178,294749694172.19305,7073.30771169
ETH-USD,backtest_v2,2026-02-01 08:00:00+00:00,2408.6,2425.41,2410.28,2394.0,122373866.2178,294955282267.439,4585.77681322
ETH-USD,backtest_v2,2026-02-01 09:00:00+00:00,2410.41,2435.76,2429.91,2404.36,122373866.2178,297357481261.2944,2346.77095772
ETH-USD,backtest_v2,2026-02-01 10:00:00+00:00,2429.92,2436.75,2378.81,2373.75,122373866.2178,291104176697.5648,6010.98245932
ETH-USD,backtest_v2,2026-02-01 11:00:00+00:00,2378.8,2422.39,2410.1,2378.8,122373866.2178,294933254971.5198,3262.11807715
ETH-USD,backtest_v2,2026-02-01 12:00:00+00:00,2410.1,2411.14,2394.19,2381.0,122373866.2178,292986286759.9946,4357.69800373
ETH-USD,backtest_v2,2026-02-01 13:00:00+00:00,2394.05,2408.53,2379.48,2368.1,122373866.2178,291186167187.9308,4174.13227536
ETH-USD,backtest_v2,2026-02-01 14:00:00+00:00,2379.21,2387.39,2370.69,2325.38,122373866.2178,290110500903.8763,9713.69809558
ETH-USD,backtest_v2,2026-02-01 15:00:00+00:00,2370.73,2370.81,2314.24,2284.27,122373866.2178,283202496155.8815,11324.44786958
ETH-USD,backtest_v2,2026-02-01 16:00:00+00:00,2314.4,2331.65,2302.6,2283.1,122373866.2178,281778064353.10626,16000.51400857
ETH-USD,backtest_v2,2026-02-01 17:00:00+00:00,2302.59,2320.59,2312.67,2295.41,122373866.2178,283010369185.91956,10721.90242301
ETH-USD,backtest_v2,2026-02-01 18:00:00+00:00,2312.67,2376.32,2348.98,2311.9,122373866.2178,287453764268.28784,8340.12658565
ETH-USD,backtest_v2,2026-02-01 19:00:00+00:00,2348.98,2354.81,2318.45,2304.77,122373866.2178,283717690132.6584,6956.31491826
ETH-USD,backtest_v2,2026-02-01 20:00:00+00:00,2318.44,2347.19,2313.96,2296.31,122373866.2178,283168231473.3405,8745.28188584
ETH-USD,backtest_v2,2026-02-01 21:00:00+00:00,2313.99,2317.49,2288.4,2277.01,122373866.2178,280040355452.81354,8751.1719299
ETH-USD,backtest_v2,2026-02-01 22:00:00+00:00,2288.46,2333.17,2316.84,2284.57,122373866.2178,283520668208.0478,9272.92367625
ETH-USD,backtest_v2,2026-02-01 23:00:00+00:00,2316.79,2319.12,2268.18,2218.57,122373866.2178,277565955877.8896,18779.36632323
ETH-USD,backtest_v2,2026-02-02 00:00:00+00:00,2268.24,2322.41,2291.5,2240.71,122373866.2178,280419714438.0887,12713.16679958
ETH-USD,backtest_v2,2026-02-02 01:00:00+00:00,2291.59,2316.49,2288.61,2248.32,122373866.2178,280066053964.7193,10305.03876516
ETH-USD,backtest_v2,2026-02-02 02:00:00+00:00,2288.88,2298.54,2260.29,2257.12,122373866.2178,276600426073.43115,11655.33097587
ETH-USD,backtest_v2,2026-02-02 03:00:00+00:00,2260.4,2265.59,2236.95,2163.7,122373866.2178,273744220035.9077,26003.30934581
ETH-USD,backtest_v2,2026-02-02 04:00:00+00:00,2236.9,2265.69,2238.04,2205.63,122373866.2178,273877607550.0851,11655.56351276
ETH-USD,backtest_v2,2026-02-02 05:00:00+00:00,2238.03,2241.27,2196.0,2182.35,122373866.2178,268733010214.28882,12458.18106183
ETH-USD,backtest_v2,2026-02-02 06:00:00+00:00,2195.8,2237.93,2224.79,2156.25,122373866.2178,272256153822.69928,15811.42955706
ETH-USD,backtest_v2,2026-02-02 07:00:00+00:00,2224.79,2251.0,2226.17,2215.2,122373866.2178,272425029758.07983,8533.88066907
ETH-USD,backtest_v2,2026-02-02 08:00:00+00:00,2226.06,2256.13,2246.77,2226.05,122373866.2178,274945931402.1665,6475.49733919
ETH-USD,backtest_v2,2026-02-02 09:00:00+00:00,2246.77,2316.23,2289.26,2235.48,122373866.2178,280145596977.76086,13144.78516079
ETH-USD,backtest_v2,2026-02-02 10:00:00+00:00,2289.36,2297.88,2275.73,2270.95,122373866.2178,278489878567.834,5598.74144835
ETH-USD,backtest_v2,2026-02-02 11:00:00+00:00,2275.73,2295.92,2280.37,2271.84,122373866.2178,279057693307.0846,6445.56456422
ETH-USD,backtest_v2,2026-02-02 12:00:00+00:00,2280.53,2315.93,2309.66,2279.89,122373866.2178,282642023848.60394,7883.33147112
ETH-USD,backtest_v2,2026-02-02 13:00:00+00:00,2309.6,2334.1,2325.83,2300.28,122373866.2178,284620809265.34576,10815.82597109
ETH-USD,backtest_v2,2026-02-02 14:00:00+00:00,2325.88,2367.35,2327.4,2297.5,122373866.2178,284812936235.30774,24108.97232305
ETH-USD,backtest_v2,2026-02-02 15:00:00+00:00,2327.4,2395.59,2371.5,2319.0,122373866.2178,290209623735.5127,31419.44112144
ETH-USD,backtest_v2,2026-02-02 16:00:00+00:00,2371.34,2386.38,2357.15,2348.51,122373866.2178,288453558755.2873,16450.29617973
ETH-USD,backtest_v2,2026-02-02 17:00:00+00:00,2357.04,2381.3,2355.22,2343.79,122373866.2178,288217377193.4869,11788.19362767
ETH-USD,backtest_v2,2026-02-02 18:00:00+00:00,2355.21,2358.07,2342.76,2332.41,122373866.2178,286692598820.41315,11494.13327893
ETH-USD,backtest_v2,2026-02-02 19:00:00+00:00,2342.64,2349.54,2329.51,2325.33,122373866.2178,285071145093.02734,13074.96442276
ETH-USD,backtest_v2,2026-02-02 20:00:00+00:00,2329.44,2338.8,2319.05,2311.14,122373866.2178,283791114452.3891,13798.16901999
ETH-USD,backtest_v2,2026-02-02 21:00:00+00:00,2319.36,2343.21,2340.37,2316.79,122373866.2178,286400125280.1526,7605.46430467
ETH-USD,backtest_v2,2026-02-02 22:00:00+00:00,2340.5,2352.8,2349.36,2333.4,122373866.2178,287500266337.4506,3376.79191175
ETH-USD,backtest_v2,2026-02-02 23:00:00+00:00,2349.36,2353.55,2345.11,2337.75,122373866.2178,286980177406.02496,4131.18443404
ETH-USD,backtest_v2,2026-02-03 00:00:00+00:00,2344.8,2354.0,2352.17,2322.83,122373866.2178,287844136901.52264,6171.02171425
ETH-USD,backtest_v2,2026-02-03 01:00:00+00:00,2352.06,2357.76,2352.67,2335.8,122373866.2178,287905323834.63153,5069.48917478
ETH-USD,backtest_v2,2026-02-03 02:00:00+00:00,2352.68,2353.0,2296.25,2294.45,122373866.2178,281000990302.6233,6440.06081879
ETH-USD,backtest_v2,2026-02-03 03:00:00+00:00,2296.79,2342.65,2341.31,2282.32,122373866.2178,286515156714.39734,8735.80100572
ETH-USD,backtest_v2,2026-02-03 04:00:00+00:00,2341.42,2352.68,2343.6,2331.1,122373866.2178,286795392868.0361,4901.82919809
ETH-USD,backtest_v2,2026-02-03 05:00:00+00:00,2343.4,2343.8,2313.98,2312.84,122373866.2178,283170678950.66486,4010.75872879
ETH-USD,backtest_v2,2026-02-03 06:00:00+00:00,2314.19,2326.31,2318.16,2296.03,122373866.2178,283682201711.45526,5975.05365826
ETH-USD,backtest_v2,2026-02-03 07:00:00+00:00,2318.05,2331.13,2320.78,2310.48,122373866.2178,284002821240.9459,5239.0824607
ETH-USD,backtest_v2,2026-02-03 08:00:00+00:00,2320.89,2331.08,2313.71,2307.2,122373866.2178,283137638006.7861,5681.58389878
ETH-USD,backtest_v2,2026-02-03 09:00:00+00:00,2313.7,2316.73,2290.22,2261.17,122373866.2178,280263075889.3299,15907.47850815
ETH-USD,backtest_v2,2026-02-03 10:00:00+00:00,2290.22,2297.49,2279.77,2274.09,122373866.2178,278984268987.35394,4684.23366301
ETH-USD,backtest_v2,2026-02-03 11:00:00+00:00,2279.76,2286.11,2274.37,2268.07,122373866.2178,278323450109.7778,8020.26627794
ETH-USD,backtest_v2,2026-02-03 12:00:00+00:00,2274.31,2303.52,2298.88,2269.78,122373866.2178,281322833570.77606,8087.58343104
ETH-USD,backtest_v2,2026-02-03 13:00:00+00:00,2298.79,2315.74,2310.11,2293.77,122373866.2178,282697092088.402,8842.16642755
ETH-USD,backtest_v2,2026-02-03 14:00:00+00:00,2310.12,2314.98,2255.02,2252.47,122373866.2178,275955515798.4634,15465.43641117
ETH-USD,backtest_v2,2026-02-03 15:00:00+00:00,2254.98,2311.44,2301.35,2250.1,122373866.2178,281625097020.33405,21618.94591785
ETH-USD,backtest_v2,2026-02-03 16:00:00+00:00,2301.35,2302.23,2238.97,2233.7,122373866.2178,273991415245.66766,20540.29178271
ETH-USD,backtest_v2,2026-02-03 17:00:00+00:00,2239.07,2243.01,2193.33,2191.54,122373866.2178,268406271991.48727,16920.88067217
ETH-USD,backtest_v2,2026-02-03 18:00:00+00:00,2193.35,2204.84,2118.45,2108.24,122373866.2178,259242916889.0984,34163.53480249
ETH-USD,backtest_v2,2026-02-03 19:00:00+00:00,2118.44,2216.39,2202.89,2109.36,122373866.2178,269576166152.52945,36406.22341311
ETH-USD,backtest_v2,2026-02-03 20:00:00+00:00,2202.81,2341.95,2296.73,2185.33,122373866.2178,281059729758.40784,47458.63313009
ETH-USD,backtest_v2,2026-02-03 21:00:00+00:00,2296.73,2334.83,2281.16,2276.35,122373866.2178,279154368661.39667,15039.52893999
ETH-USD,backtest_v2,2026-02-03 22:00:00+00:00,2281.16,2283.59,2233.69,2226.24,122373866.2178,273345281232.0377,13535.29890321
ETH-USD,backtest_v2,2026-02-03 23:00:00+00:00,2233.68,2246.09,2230.48,2209.86,122373866.2178,272952461121.47855,11355.72575828
ETH-USD,backtest_v2,2026-02-04 00:00:00+00:00,2230.48,2253.99,2238.24,2220.64,122373866.2178,273902082323.32867,6424.33975354
ETH-USD,backtest_v2,2026-02-04 01:00:00+00:00,2238.24,2278.8,2265.73,2238.24,122373866.2178,277266139905.656,6131.18766051
ETH-USD,backtest_v2,2026-02-04 02:00:00+00:00,2265.73,2273.65,2248.58,2239.36,122373866.2178,275167428100.02075,5830.53524483
ETH-USD,backtest_v2,2026-02-04 03:00:00+00:00,2248.76,2292.56,2280.39,2245.93,122373866.2178,279060140784.40894,7307.24682403
ETH-USD,backtest_v2,2026-02-04 04:00:00+00:00,2280.41,2287.2,2270.86,2267.76,122373866.2178,277893917839.35333,3532.75778194
ETH-USD,backtest_v2,2026-02-04 05:00:00+00:00,2270.98,2278.3,2262.6,2253.03,122373866.2178,276883109704.3943,5341.73632918
ETH-USD,backtest_v2,2026-02-04 06:00:00+00:00,2262.59,2282.47,2274.61,2255.26,122373866.2178,278352819837.6701,5065.97533984
ETH-USD,backtest_v2,2026-02-04 07:00:00+00:00,2274.61,2290.04,2280.54,2260.99,122373866.2178,279078496864.3416,7488.45453296
ETH-USD,backtest_v2,2026-02-04 08:00:00+00:00,2280.55,2282.76,2276.75,2263.2,122373866.2178,278614699911.37616,2894.52042172
ETH-USD,backtest_v2,2026-02-04 09:00:00+00:00,2276.76,2276.8,2257.41,2248.25,122373866.2178,276247989338.7239,2548.07684095
ETH-USD,backtest_v2,2026-02-04 10:00:00+00:00,2257.29,2261.27,2257.36,2247.21,122373866.2178,276241870645.413,2417.57164911
ETH-USD,backtest_v2,2026-02-04 11:00:00+00:00,2257.37,2264.09,2251.7,2223.53,122373866.2178,275549234562.62024,7410.43651957
ETH-USD,backtest_v2,2026-02-04 12:00:00+00:00,2251.81,2260.23,2240.64,2228.22,122373866.2178,274195779602.2514,4669.83623642
ETH-USD,backtest_v2,2026-02-04 13:00:00+00:00,2240.8,2242.88,2195.16,2193.25,122373866.2178,268630216166.66583,7655.02418274
ETH-USD,backtest_v2,2026-02-04 14:00:00+00:00,2195.05,2223.1,2168.71,2165.97,122373866.2178,265393427405.20505,25162.64728139
ETH-USD,backtest_v2,2026-02-04 15:00:00+00:00,2168.88,2194.25,2148.74,2133.6,122373866.2178,262949621296.83557,34484.75519157
ETH-USD,backtest_v2,2026-02-04 16:00:00+00:00,2148.6,2157.31,2131.66,2102.37,122373866.2178,260859475661.83554,31449.23256939
ETH-USD,backtest_v2,2026-02-04 17:00:00+00:00,2131.65,2150.94,2120.93,2088.4,122373866.2178,259546404077.31854,44298.37171465
ETH-USD,backtest_v2,2026-02-04 18:00:00+00:00,2121.09,2181.09,2143.16,2072.57,122373866.2178,262266775123.34024,40305.96045919
ETH-USD,backtest_v2,2026-02-04 19:00:00+00:00,2143.01,2189.36,2183.63,2128.46,122373866.2178,267219245489.17465,18817.89884711
ETH-USD,backtest_v2,2026-02-04 20:00:00+00:00,2183.63,2188.0,2167.0,2156.89,122373866.2178,265184168093.97263,12138.97784739
ETH-USD,backtest_v2,2026-02-04 21:00:00+00:00,2167.28,2175.66,2124.74,2101.81,122373866.2178,260012648507.60837,15318.47201038
ETH-USD,backtest_v2,2026-02-04 22:00:00+00:00,2124.95,2163.75,2115.46,2083.17,122373866.2178,258877019029.1072,14735.68940523
ETH-USD,backtest_v2,2026-02-04 23:00:00+00:00,2115.41,2161.1,2143.57,2111.0,122373866.2178,262316948408.4896,9490.73061356
ETH-USD,backtest_v2,2026-02-05 00:00:00+00:00,2143.2,2159.77,2145.42,2132.06,122373866.2178,262543340060.9925,6156.78522645
ETH-USD,backtest_v2,2026-02-05 01:00:00+00:00,2145.72,2169.01,2143.34,2118.48,122373866.2178,262288802419.2595,8318.45189998
ETH-USD,backtest_v2,2026-02-05 02:00:00+00:00,2143.29,2158.8,2119.76,2108.32,122373866.2178,259403226653.84378,10683.69806905
ETH-USD,backtest_v2,2026-02-05 03:00:00+00:00,2119.84,2132.16,2106.19,2094.4,122373866.2178,257742613289.2682,10003.4511474
ETH-USD,backtest_v2,2026-02-05 04:00:00+00:00,2106.15,2121.23,2100.12,2075.33,122373866.2178,256999803921.32614,11275.7808097
ETH-USD,backtest_v2,2026-02-05 05:00:00+00:00,2099.71,2120.0,2097.2,2073.23,122373866.2178,256642472231.97015,10663.74399478
ETH-USD,backtest_v2,2026-02-05 06:00:00+00:00,2097.26,2103.51,2083.47,2064.48,122373866.2178,254962279048.79974,10471.24683007
ETH-USD,backtest_v2,2026-02-05 07:00:00+00:00,2083.46,2120.0,2087.02,2081.64,122373866.2178,255396706273.87296,7064.40454689
ETH-USD,backtest_v2,2026-02-05 08:00:00+00:00,2087.03,2117.27,2107.64,2086.65,122373866.2178,257920055395.284,4179.20609801
ETH-USD,backtest_v2,2026-02-05 09:00:00+00:00,2107.65,2145.77,2129.75,2106.83,122373866.2178,260625741577.35956,5081.29911027
ETH-USD,backtest_v2,2026-02-05 10:00:00+00:00,2129.65,2136.7,2093.8,2082.65,122373866.2178,256226401086.82968,5197.20840667
ETH-USD,backtest_v2,2026-02-05 11:00:00+00:00,2093.8,2101.44,2075.98,2058.0,122373866.2178,254045698790.82846,13143.12010328
ETH-USD,backtest_v2,2026-02-05 12:00:00+00:00,2076.21,2089.49,2059.92,2038.03,122373866.2178,252080374499.3706,15827.65366657
ETH-USD,backtest_v2,2026-02-05 13:00:00+00:00,2059.79,2076.23,2054.77,2044.81,122373866.2178,251450149088.3489,11919.4974247
ETH-USD,backtest_v2,2026-02-05 14:00:00+00:00,2054.68,2102.82,2042.4,2039.55,122373866.2178,249936384363.23474,24065.68805963
ETH-USD,backtest_v2,2026-02-05 15:00:00+00:00,2042.53,2050.83,1958.08,1910.0,122373866.2178,239617819963.74982,68812.78778432
ETH-USD,backtest_v2,2026-02-05 16:00:00+00:00,1958.09,2014.4,1994.85,1941.15,122373866.2178,244117507024.57834,27643.23137878
ETH-USD,backtest_v2,2026-02-05 17:00:00+00:00,1994.87,1998.45,1950.59,1940.0,122373866.2178,238701239705.7785,24884.94825069
ETH-USD,backtest_v2,2026-02-05 18:00:00+00:00,1950.6,1964.98,1945.99,1909.05,122373866.2178,238138319921.17664,29151.61384026
ETH-USD,backtest_v2,2026-02-05 19:00:00+00:00,1945.85,1948.9,1924.21,1912.58,122373866.2178,235473017114.95294,19359.5473576
ETH-USD,backtest_v2,2026-02-05 20:00:00+00:00,1924.39,1939.0,1865.22,1821.04,122373866.2178,228254182746.76492,55787.55152463
ETH-USD,backtest_v2,2026-02-05 21:00:00+00:00,1863.95,1908.04,1846.31,1835.22,122373866.2178,225940092936.58633,33867.97361073
ETH-USD,backtest_v2,2026-02-05 22:00:00+00:00,1846.4,1887.38,1866.86,1814.19,122373866.2178,228454875887.36212,20074.2910917
ETH-USD,backtest_v2,2026-02-05 23:00:00+00:00,1867.09,1903.67,1823.2,1816.89,122373866.2178,223112032888.29297,30369.86597013
ETH-USD,backtest_v2,2026-02-06 00:00:00+00:00,1823.11,1890.36,1867.71,1742.79,122373866.2178,228558893673.64725,49581.08915165
ETH-USD,backtest_v2,2026-02-06 01:00:00+00:00,1867.88,1937.6,1929.39,1867.16,122373866.2178,236106913741.96115,27250.47622353
ETH-USD,backtest_v2,2026-02-06 02:00:00+00:00,1929.4,1945.2,1905.61,1889.91,122373866.2178,233196863203.30185,16618.9401421
ETH-USD,backtest_v2,2026-02-06 03:00:00+00:00,1905.59,1916.26,1889.3,1876.88,122373866.2178,231200945445.28955,19673.16458861
ETH-USD,backtest_v2,2026-02-06 04:00:00+00:00,1889.3,1916.02,1906.91,1883.13,122373866.2178,233355949229.385,8403.59109149
ETH-USD,backtest_v2,2026-02-06 05:00:00+00:00,1906.9,1972.86,1956.25,1904.15,122373866.2178,239393875788.57126,12644.36147818
ETH-USD,backtest_v2,2026-02-06 06:00:00+00:00,1956.1,1964.87,1906.4,1904.46,122373866.2178,233293538557.61395,13211.43170902
ETH-USD,backtest_v2,2026-02-06 07:00:00+00:00,1906.4,1912.91,1896.99,1885.3,122373866.2178,232142000476.50443,11607.13474643
ETH-USD,backtest_v2,2026-02-06 08:00:00+00:00,1896.7,1904.41,1872.35,1863.92,122373866.2178,229126708412.89783,14367.83899753
ETH-USD,backtest_v2,2026-02-06 09:00:00+00:00,1872.34,1926.72,1916.42,1868.72,122373866.2178,234519724697.1163,10359.29278638
ETH-USD,backtest_v2,2026-02-06 10:00:00+00:00,1916.64,1932.97,1924.38,1907.26,122373866.2178,235493820672.21,7561.69657792
ETH-USD,backtest_v2,2026-02-06 11:00:00+00:00,1924.37,1937.76,1930.27,1917.5,122373866.2178,236214602744.23282,7307.98243051
ETH-USD,backtest_v2,2026-02-06 12:00:00+00:00,1930.12,1930.12,1918.87,1912.4,122373866.2178,234819540669.34988,9518.36331057
ETH-USD,backtest_v2,2026-02-06 13:00:00+00:00,1918.87,1960.86,1948.5,1917.25,122373866.2178,238445478325.3833,17523.03710276
ETH-USD,backtest_v2,2026-02-06 14:00:00+00:00,1948.3,2001.75,1978.08,1931.41,122373866.2178,242065297288.10583,31915.93626459
ETH-USD,backtest_v2,2026-02-06 15:00:00+00:00,1978.3,1997.65,1980.1,1959.14,122373866.2178,242312492497.86578,42448.93377789
ETH-USD,backtest_v2,2026-02-06 16:00:00+00:00,1979.82,2046.1,2035.53,1971.16,122373866.2178,249095675902.31845,29030.91405998
ETH-USD,backtest_v2,2026-02-06 17:00:00+00:00,2035.24,2089.89,2065.67,2027.1,122373866.2178,252784024230.12296,24378.30456626
ETH-USD,backtest_v2,2026-02-06 18:00:00+00:00,2065.92,2069.06,2043.19,2029.31,122373866.2178,250033059717.5468,25055.32834882
ETH-USD,backtest_v2,2026-02-06 19:00:00+00:00,2043.24,2070.67,2064.24,2030.9,122373866.2178,252609029601.43146,17721.77786532
ETH-USD,backtest_v2,2026-02-06 20:00:00+00:00,2064.12,2092.83,2052.33,2041.92,122373866.2178,251151556854.77747,23592.3741604
ETH-USD,backtest_v2,2026-02-06 21:00:00+00:00,2052.33,2059.68,2052.47,2040.26,122373866.2178,251168689196.04794,13705.37104948
ETH-USD,backtest_v2,2026-02-06 22:00:00+00:00,2052.47,2084.18,2073.09,2044.1,122373866.2178,253692038317.45905,9201.33890474
ETH-USD,backtest_v2,2026-02-06 23:00:00+00:00,2073.06,2086.21,2061.95,2046.71,122373866.2178,252328793447.7927,8686.45322547
ETH-USD,backtest_v2,2026-02-07 00:00:00+00:00,2061.95,2062.79,2042.49,2035.45,122373866.2178,249947398011.19434,8958.37747569
ETH-USD,backtest_v2,2026-02-07 01:00:00+00:00,2042.03,2065.43,2060.88,2031.2,122373866.2178,252197853410.9397,5035.48240619
ETH-USD,backtest_v2,2026-02-07 02:00:00+00:00,2060.76,2064.03,2058.16,2047.55,122373866.2178,251864996494.82724,4177.51268289
ETH-USD,backtest_v2,2026-02-07 03:00:00+00:00,2058.01,2084.5,2079.41,2057.01,122373866.2178,254465441151.9555,7692.10420211
ETH-USD,backtest_v2,2026-02-07 04:00:00+00:00,2079.4,2117.73,2086.32,2077.57,122373866.2178,255311044567.52054,9131.944146
ETH-USD,backtest_v2,2026-02-07 05:00:00+00:00,2086.32,2102.77,2082.66,2076.35,122373866.2178,254863156217.16333,5493.09491264
ETH-USD,backtest_v2,2026-02-07 06:00:00+00:00,2082.66,2092.15,2046.88,2046.52,122373866.2178,250484619283.8905,8563.84936868
ETH-USD,backtest_v2,2026-02-07 07:00:00+00:00,2046.99,2054.75,2026.06,1993.46,122373866.2178,247936795389.23587,14948.5749833
ETH-USD,backtest_v2,2026-02-07 08:00:00+00:00,2025.97,2031.11,2018.14,2014.19,122373866.2178,246967594368.79092,7083.11664712
ETH-USD,backtest_v2,2026-02-07 09:00:00+00:00,2018.22,2028.94,2013.32,2003.88,122373866.2178,246377752333.6211,4428.29464289
ETH-USD,backtest_v2,2026-02-07 10:00:00+00:00,2013.28,2018.7,2009.76,1998.6,122373866.2178,245942101369.88574,2874.09668089
ETH-USD,backtest_v2,2026-02-07 11:00:00+00:00,2009.64,2020.4,2017.09,2005.25,122373866.2178,246839101809.2622,2806.97298988
ETH-USD,backtest_v2,2026-02-07 12:00:00+00:00,2017.22,2073.75,2039.64,2015.29,122373866.2178,249598632492.4736,8876.6017144
ETH-USD,backtest_v2,2026-02-07 13:00:00+00:00,2039.65,2048.85,2039.65,2026.58,122373866.2178,249599856231.1358,5909.50028879
ETH-USD,backtest_v2,2026-02-07 14:00:00+00:00,2039.74,2047.44,2018.5,2008.31,122373866.2178,247011648960.6293,6999.33677122
ETH-USD,backtest_v2,2026-02-07 15:00:00+00:00,2018.51,2061.75,2050.78,2012.45,122373866.2178,250961877362.13992,6584.35577298
ETH-USD,backtest_v2,2026-02-07 16:00:00+00:00,2050.78,2119.74,2048.89,2000.0,122373866.2178,250730590754.98825,50976.65857016
ETH-USD,backtest_v2,2026-02-07 17:00:00+00:00,2048.89,2071.8,2059.79,2031.1,122373866.2178,252064465896.76227,6315.93634624
ETH-USD,backtest_v2,2026-02-07 18:00:00+00:00,2059.73,2108.0,2095.53,2057.42,122373866.2178,256438107875.38647,5231.68851783
ETH-USD,backtest_v2,2026-02-07 19:00:00+00:00,2095.5,2099.48,2090.3,2082.22,122373866.2178,255798092555.06738,3891.20913071
ETH-USD,backtest_v2,2026-02-07 20:00:00+00:00,2090.06,2111.4,2103.56,2083.32,122373866.2178,257420770021.1154,5114.56383591
ETH-USD,backtest_v2,2026-02-07 21:00:00+00:00,2103.81,2109.17,2099.45,2096.64,122373866.2178,256917813430.9602,4979.12550068
ETH-USD,backtest_v2,2026-02-07 22:00:00+00:00,2099.28,2106.62,2087.27,2086.01,122373866.2178,255427299740.42743,2951.34576372
ETH-USD,backtest_v2,2026-02-07 23:00:00+00:00,2087.28,2094.47,2086.17,2071.6,122373866.2178,255292688487.58786,3521.71517144
ETH-USD,backtest_v2,2026-02-08 00:00:00+00:00,2086.19,2093.27,2083.0,2075.36,122373866.2178,254904763331.6774,2673.77946023
ETH-USD,backtest_v2,2026-02-08 01:00:00+00:00,2082.95,2096.54,2094.81,2080.93,122373866.2178,256349998691.70963,2186.54486339
ETH-USD,backtest_v2,2026-02-08 02:00:00+00:00,2094.86,2105.95,2087.19,2080.76,122373866.2178,255417509831.13,2414.63857232
ETH-USD,backtest_v2,2026-02-08 03:00:00+00:00,2087.82,2091.72,2077.44,2074.99,122373866.2178,254224364635.50644,2340.79952094
ETH-USD,backtest_v2,2026-02-08 04:00:00+00:00,2077.41,2087.62,2085.96,2064.96,122373866.2178,255266989975.6821,2509.4235424
ETH-USD,backtest_v2,2026-02-08 05:00:00+00:00,2085.85,2087.03,2083.2,2077.5,122373866.2178,254929238104.92096,1445.68958648
ETH-USD,backtest_v2,2026-02-08 06:00:00+00:00,2083.24,2087.53,2077.8,2075.88,122373866.2178,254268419227.34488,1646.37730662
ETH-USD,backtest_v2,2026-02-08 07:00:00+00:00,2077.91,2083.07,2083.06,2066.71,122373866.2178,254912105763.65048,2877.49502133
ETH-USD,backtest_v2,2026-02-08 08:00:00+00:00,2082.88,2122.56,2114.02,2076.73,122373866.2178,258700800661.75357,4615.32863936
ETH-USD,backtest_v2,2026-02-08 09:00:00+00:00,2114.04,2120.87,2098.61,2093.76,122373866.2178,256815019383.33728,4499.62717869
ETH-USD,backtest_v2,2026-02-08 10:00:00+00:00,2098.62,2112.27,2094.49,2081.98,122373866.2178,256310839054.5199,4902.54379965
ETH-USD,backtest_v2,2026-02-08 11:00:00+00:00,2094.59,2136.78,2130.9,2092.93,122373866.2178,260766471523.51004,13636.89539404
ETH-USD,backtest_v2,2026-02-08 12:00:00+00:00,2130.79,2143.49,2129.91,2123.88,122373866.2178,260645321395.9544,5693.10892262
ETH-USD,backtest_v2,2026-02-08 13:00:00+00:00,2129.92,2139.32,2125.13,2117.26,122373866.2178,260060374315.43335,7757.80005205
ETH-USD,backtest_v2,2026-02-08 14:00:00+00:00,2125.32,2128.1,2127.13,2114.94,122373866.2178,260305122047.86893,3168.56361927
ETH-USD,backtest_v2,2026-02-08 15:00:00+00:00,2127.35,2129.5,2107.33,2096.3,122373866.2178,257882119496.75647,6161.39980512
ETH-USD,backtest_v2,2026-02-08 16:00:00+00:00,2107.39,2115.01,2079.3,2071.46,122373866.2178,254451980026.67157,7650.05413541
ETH-USD,backtest_v2,2026-02-08 17:00:00+00:00,2079.13,2097.8,2090.9,2078.4,122373866.2178,255871516874.79803,8540.89172112
ETH-USD,backtest_v2,2026-02-08 18:00:00+00:00,2090.7,2120.82,2107.88,2089.04,122373866.2178,257949425123.1763,6215.52555401
ETH-USD,backtest_v2,2026-02-08 19:00:00+00:00,2107.81,2128.11,2125.39,2106.25,122373866.2178,260092191520.64993,3140.62873583
ETH-USD,backtest_v2,2026-02-08 20:00:00+00:00,2125.44,2126.23,2103.44,2099.0,122373866.2178,257406085157.16925,4094.75037472
ETH-USD,backtest_v2,2026-02-08 21:00:00+00:00,2103.36,2113.67,2092.72,2088.41,122373866.2178,256094237311.3144,4292.1374757
ETH-USD,backtest_v2,2026-02-08 22:00:00+00:00,2092.82,2112.07,2106.85,2092.72,122373866.2178,257823380040.97192,4309.8847021
ETH-USD,backtest_v2,2026-02-08 23:00:00+00:00,2106.96,2150.0,2088.42,2070.42,122373866.2178,255568029686.5779,14479.09303623
ETH-USD,backtest_v2,2026-02-09 00:00:00+00:00,2088.36,2096.14,2082.92,2074.51,122373866.2178,254894973422.38,7545.51580706
ETH-USD,backtest_v2,2026-02-09 01:00:00+00:00,2082.85,2100.0,2069.46,2053.86,122373866.2178,253247821183.0884,10946.65073846
ETH-USD,backtest_v2,2026-02-09 02:00:00+00:00,2069.39,2093.99,2079.82,2063.97,122373866.2178,254515614437.10483,5596.58301055
ETH-USD,backtest_v2,2026-02-09 03:00:00+00:00,2079.91,2101.43,2098.43,2079.9,122373866.2178,256792992087.41806,5079.82389639
ETH-USD,backtest_v2,2026-02-09 04:00:00+00:00,2098.34,2100.29,2088.57,2084.89,122373866.2178,255586385766.5106,3552.4043835
ETH-USD,backtest_v2,2026-02-09 05:00:00+00:00,2088.57,2095.24,2094.32,2082.06,122373866.2178,256290035497.26294,2822.3091588
ETH-USD,backtest_v2,2026-02-09 06:00:00+00:00,2094.31,2094.31,2079.97,2070.53,122373866.2178,254533970517.03745,4465.15716241
ETH-USD,backtest_v2,2026-02-09 07:00:00+00:00,2079.85,2086.72,2063.8,2062.83,122373866.2178,252555185100.2957,4288.73168428
ETH-USD,backtest_v2,2026-02-09 08:00:00+00:00,2064.03,2068.68,2048.39,2033.23,122373866.2178,250669403821.87933,7732.39606405
ETH-USD,backtest_v2,2026-02-09 09:00:00+00:00,2048.08,2055.97,2040.25,2032.0,122373866.2178,249673280550.86646,4583.38376789
ETH-USD,backtest_v2,2026-02-09 10:00:00+00:00,2040.24,2045.58,2020.5,2011.27,122373866.2178,247256396693.0649,7305.04274701
ETH-USD,backtest_v2,2026-02-09 11:00:00+00:00,2020.44,2034.71,2026.43,2018.7,122373866.2178,247982073719.73648,6105.76717023
ETH-USD,backtest_v2,2026-02-09 12:00:00+00:00,2026.44,2037.23,2033.64,2025.45,122373866.2178,248864389295.1668,5573.28788906
ETH-USD,backtest_v2,2026-02-09 13:00:00+00:00,2033.54,2047.99,2021.08,2020.46,122373866.2178,247327373535.47122,8875.32890348
ETH-USD,backtest_v2,2026-02-09 14:00:00+00:00,2020.92,2049.27,2042.28,2006.88,122373866.2178,249921699499.2886,22925.42294574
ETH-USD,backtest_v2,2026-02-09 15:00:00+00:00,2042.25,2072.5,2060.82,2030.67,122373866.2178,252190510978.9666,21168.40847047
ETH-USD,backtest_v2,2026-02-09 16:00:00+00:00,2060.3,2107.89,2089.51,2046.18,122373866.2178,255701417200.7553,20032.22717905
ETH-USD,backtest_v2,2026-02-09 17:00:00+00:00,2089.44,2135.7,2126.18,2076.34,122373866.2178,260188866874.962,17819.66713701
ETH-USD,backtest_v2,2026-02-09 18:00:00+00:00,2125.98,2143.0,2129.36,2107.44,122373866.2178,260578015769.53464,14856.78129495
ETH-USD,backtest_v2,2026-02-09 19:00:00+00:00,2129.33,2137.21,2130.4,2117.75,122373866.2178,260705284590.40115,9446.28959802
ETH-USD,backtest_v2,2026-02-09 20:00:00+00:00,2130.4,2146.76,2123.75,2116.6,122373866.2178,259891498380.05276,12483.00703161
ETH-USD,backtest_v2,2026-02-09 21:00:00+00:00,2123.59,2128.01,2120.83,2087.27,122373866.2178,259534166690.69678,14280.00952326
ETH-USD,backtest_v2,2026-02-09 22:00:00+00:00,2120.84,2124.64,2114.0,2110.1,122373866.2178,258698353184.4292,4410.94875744
ETH-USD,backtest_v2,2026-02-09 23:00:00+00:00,2113.76,2121.5,2103.83,2100.49,122373866.2178,257453810964.99417,6232.73131057
ETH-USD,backtest_v2,2026-02-10 00:00:00+00:00,2103.83,2111.7,2095.86,2095.04,122373866.2178,256478491251.23834,4209.03911229
ETH-USD,backtest_v2,2026-02-10 01:00:00+00:00,2095.66,2123.22,2116.13,2094.9,122373866.2178,258959009519.47314,4516.87311138
ETH-USD,backtest_v2,2026-02-10 02:00:00+00:00,2116.12,2120.45,2106.72,2101.0,122373866.2178,257807471438.36362,4412.08132716
ETH-USD,backtest_v2,2026-02-10 03:00:00+00:00,2106.56,2109.58,2063.47,2051.03,122373866.2178,252514801724.44376,10625.21774261
ETH-USD,backtest_v2,2026-02-10 04:00:00+00:00,2063.47,2073.54,2068.14,2062.26,122373866.2178,253086287679.68088,1818.20633844
