ticker,caller,low,high,Open,close,volume,timestamp
ETH-USD,main,3087.93,3110.62,3104.84,3094.05,1882.72011194,2026-01-13 01:00:00+00:00
ETH-USD,main,3094.05,3104.46,3094.05,3097.69,1450.54018457,2026-01-13 02:00:00+00:00
ETH-USD,main,3097.68,3115.22,3097.68,3112.53,2401.28817774,2026-01-13 03:00:00+00:00
ETH-USD,main,3108.6,3119.83,3112.54,3118.47,1496.20904602,2026-01-13 04:00:00+00:00
ETH-USD,main,3117.61,3142.8,3118.47,3128.2,2478.9777162,2026-01-13 05:00:00+00:00
ETH-USD,main,3119.86,3133.78,3128.21,3130.74,2122.88493977,2026-01-13 06:00:00+00:00
ETH-USD,main,3118.48,3131.82,3130.9,3118.52,963.68353124,2026-01-13 07:00:00+00:00
ETH-USD,main,3118.4,3134.88,3118.5,3132.78,902.80037922,2026-01-13 08:00:00+00:00
ETH-USD,main,3125.94,3145.19,3132.77,3135.78,2652.23940399,2026-01-13 09:00:00+00:00
ETH-USD,main,3127.07,3138.82,3135.78,3131.7,1117.01256281,2026-01-13 10:00:00+00:00
ETH-USD,main,3128.02,3135.85,3131.71,3130.67,691.05964519,2026-01-13 11:00:00+00:00
ETH-USD,main,3126.43,3135.06,3130.68,3132.22,1299.08595858,2026-01-13 12:00:00+00:00
ETH-USD,main,3126.89,3157.56,3132.22,3139.33,6319.40658625,2026-01-13 13:00:00+00:00
ETH-USD,main,3127.32,3163.2,3139.32,3142.24,7853.31957535,2026-01-13 14:00:00+00:00
ETH-USD,main,3130.24,3186.55,3141.89,3182.76,12433.95657195,2026-01-13 15:00:00+00:00
ETH-USD,main,3170.3,3195.09,3182.62,3179.96,15417.96713975,2026-01-13 16:00:00+00:00
ETH-USD,main,3172.0,3186.39,3179.95,3178.56,6986.83367603,2026-01-13 17:00:00+00:00
ETH-USD,main,3176.32,3213.06,3178.56,3199.82,8985.34188602,2026-01-13 18:00:00+00:00
ETH-USD,main,3189.44,3217.46,3199.82,3215.63,7291.05236444,2026-01-13 19:00:00+00:00
ETH-USD,main,3187.6,3220.0,3215.64,3204.51,8658.16792587,2026-01-13 20:00:00+00:00
ETH-USD,main,3201.77,3217.83,3204.11,3209.21,5722.46301721,2026-01-13 21:00:00+00:00
ETH-USD,main,3209.21,3375.0,3209.21,3329.56,21833.32374349,2026-01-13 22:00:00+00:00
ETH-USD,main,3310.64,3345.6,3329.61,3323.38,7177.76026249,2026-01-13 23:00:00+00:00
ETH-USD,main,3313.31,3336.91,3323.37,3322.52,6581.17223513,2026-01-14 00:00:00+00:00
ETH-USD,main,3319.04,3343.23,3322.51,3334.3,6292.86300937,2026-01-14 01:00:00+00:00
ETH-USD,main,3318.9,3355.0,3334.3,3325.28,6551.5269173,2026-01-14 02:00:00+00:00
ETH-USD,main,3319.58,3350.33,3325.24,3349.93,4022.43699667,2026-01-14 03:00:00+00:00
ETH-USD,main,3333.71,3362.53,3349.93,3337.24,5052.23947887,2026-01-14 04:00:00+00:00
ETH-USD,main,3323.52,3338.05,3337.22,3328.98,3222.45438251,2026-01-14 05:00:00+00:00
ETH-USD,main,3320.75,3334.94,3328.98,3333.11,2260.00668571,2026-01-14 06:00:00+00:00
ETH-USD,main,3326.41,3340.95,3333.11,3334.4,2545.02406852,2026-01-14 07:00:00+00:00
ETH-USD,main,3326.11,3341.69,3334.4,3326.12,2528.55374328,2026-01-14 08:00:00+00:00
ETH-USD,main,3323.61,3334.55,3326.11,3326.8,1891.1162737,2026-01-14 09:00:00+00:00
ETH-USD,main,3303.83,3333.03,3326.99,3311.7,2962.26304509,2026-01-14 10:00:00+00:00
ETH-USD,main,3281.01,3312.2,3311.59,3284.27,4353.2311378,2026-01-14 11:00:00+00:00
ETH-USD,main,3278.45,3298.01,3284.27,3295.06,3825.44494748,2026-01-14 12:00:00+00:00
ETH-USD,main,3287.76,3307.55,3295.06,3301.89,4264.90323364,2026-01-14 13:00:00+00:00
ETH-USD,main,3300.76,3357.73,3301.88,3348.66,13409.00770034,2026-01-14 14:00:00+00:00
ETH-USD,main,3326.78,3362.38,3348.85,3345.73,13743.97667148,2026-01-14 15:00:00+00:00
ETH-USD,main,3345.27,3405.03,3345.73,3370.34,22387.37058529,2026-01-14 16:00:00+00:00
ETH-USD,main,3337.65,3381.63,3370.33,3341.9,11033.69464974,2026-01-14 17:00:00+00:00
ETH-USD,main,3314.0,3355.0,3341.91,3339.88,11858.5610025,2026-01-14 18:00:00+00:00
ETH-USD,main,3332.2,3400.0,3339.61,3367.53,10802.67517396,2026-01-14 19:00:00+00:00
ETH-USD,main,3362.0,3392.81,3367.59,3384.32,15353.57991377,2026-01-14 20:00:00+00:00
ETH-USD,main,3358.0,3384.2,3384.2,3373.29,4461.75215459,2026-01-14 21:00:00+00:00
ETH-USD,main,3347.14,3375.43,3373.29,3350.0,5189.1676729,2026-01-14 22:00:00+00:00
ETH-USD,main,3346.72,3370.28,3349.61,3354.82,4292.41653173,2026-01-14 23:00:00+00:00
ETH-USD,main,3323.8,3355.8,3354.82,3331.59,4605.89409354,2026-01-15 00:00:00+00:00
ETH-USD,main,3316.74,3343.15,3331.59,3324.8,4489.36839403,2026-01-15 01:00:00+00:00
ETH-USD,main,3303.01,3333.05,3324.54,3313.36,4130.22686504,2026-01-15 02:00:00+00:00
ETH-USD,main,3276.38,3320.8,3313.35,3284.92,5332.34266957,2026-01-15 03:00:00+00:00
ETH-USD,main,3283.3,3308.0,3284.92,3304.91,2758.68926166,2026-01-15 04:00:00+00:00
ETH-USD,main,3301.8,3315.31,3304.9,3310.41,2559.31627546,2026-01-15 05:00:00+00:00
ETH-USD,main,3308.87,3323.4,3310.6,3315.21,1871.06650829,2026-01-15 06:00:00+00:00
ETH-USD,main,3314.11,3334.94,3315.21,3329.8,2517.18265751,2026-01-15 07:00:00+00:00
ETH-USD,main,3319.6,3338.67,3329.79,3336.31,2716.3068952,2026-01-15 08:00:00+00:00
ETH-USD,main,3329.83,3373.69,3336.31,3365.6,3117.69710945,2026-01-15 09:00:00+00:00
ETH-USD,main,3357.12,3377.54,3365.64,3363.49,1896.95050858,2026-01-15 10:00:00+00:00
ETH-USD,main,3346.45,3365.28,3363.49,3348.9,1665.70845356,2026-01-15 11:00:00+00:00
ETH-USD,main,3343.14,3370.4,3348.9,3368.38,2635.75563489,2026-01-15 12:00:00+00:00
ETH-USD,main,3355.65,3384.32,3368.34,3370.44,3207.84568545,2026-01-15 13:00:00+00:00
ETH-USD,main,3320.64,3382.4,3370.44,3340.96,10424.40636581,2026-01-15 14:00:00+00:00
ETH-USD,main,3284.01,3356.97,3340.99,3330.61,11940.53048202,2026-01-15 15:00:00+00:00
ETH-USD,main,3309.31,3335.14,3330.13,3330.4,10705.4635461,2026-01-15 16:00:00+00:00
ETH-USD,main,3296.71,3337.14,3330.18,3300.6,10785.80177407,2026-01-15 17:00:00+00:00
ETH-USD,main,3270.58,3307.4,3300.59,3288.06,12477.78270381,2026-01-15 18:00:00+00:00
ETH-USD,main,3277.09,3300.3,3288.0,3294.82,8979.23135849,2026-01-15 19:00:00+00:00
ETH-USD,main,3275.41,3306.06,3294.81,3287.6,19627.10816175,2026-01-15 20:00:00+00:00
ETH-USD,main,3282.94,3304.96,3287.6,3298.76,3858.87470721,2026-01-15 21:00:00+00:00
ETH-USD,main,3295.26,3318.75,3298.62,3308.41,2871.40319285,2026-01-15 22:00:00+00:00
ETH-USD,main,3300.56,3322.33,3308.41,3317.98,2465.72424943,2026-01-15 23:00:00+00:00
ETH-USD,main,3315.26,3326.59,3317.98,3316.16,2287.58934434,2026-01-16 00:00:00+00:00
ETH-USD,main,3301.06,3320.63,3316.16,3312.94,3204.95942732,2026-01-16 01:00:00+00:00
ETH-USD,main,3291.03,3313.07,3312.94,3302.83,2971.15633203,2026-01-16 02:00:00+00:00
ETH-USD,main,3293.92,3307.39,3302.83,3294.09,1445.37418115,2026-01-16 03:00:00+00:00
ETH-USD,main,3276.31,3304.08,3294.28,3287.21,3152.7154105,2026-01-16 04:00:00+00:00
ETH-USD,main,3282.66,3315.26,3287.2,3308.23,3507.69231294,2026-01-16 05:00:00+00:00
ETH-USD,main,3301.46,3316.3,3308.23,3313.42,2221.62085431,2026-01-16 06:00:00+00:00
ETH-USD,main,3301.3,3315.46,3313.42,3308.93,1773.98196863,2026-01-16 07:00:00+00:00
ETH-USD,main,3307.86,3319.39,3308.94,3312.19,4200.25413845,2026-01-16 08:00:00+00:00
ETH-USD,main,3304.79,3315.63,3312.19,3306.5,2096.31408814,2026-01-16 09:00:00+00:00
ETH-USD,main,3293.0,3307.9,3306.5,3296.53,2101.16994038,2026-01-16 10:00:00+00:00
ETH-USD,main,3292.03,3305.23,3296.52,3301.3,1661.91400748,2026-01-16 11:00:00+00:00
ETH-USD,main,3299.5,3313.74,3301.3,3307.89,1626.2420442,2026-01-16 12:00:00+00:00
ETH-USD,main,3294.77,3309.79,3307.9,3306.81,1903.40045322,2026-01-16 13:00:00+00:00
ETH-USD,main,3288.94,3317.9,3306.75,3292.69,4503.91889769,2026-01-16 14:00:00+00:00
ETH-USD,main,3250.83,3311.27,3292.69,3262.92,10744.97759645,2026-01-16 15:00:00+00:00
ETH-USD,main,3257.89,3288.3,3262.61,3278.3,8588.60128365,2026-01-16 16:00:00+00:00
ETH-USD,main,3264.24,3286.26,3278.3,3282.72,6202.08436898,2026-01-16 17:00:00+00:00
ETH-USD,main,3275.7,3287.13,3282.63,3276.99,4961.44621608,2026-01-16 18:00:00+00:00
ETH-USD,main,3266.67,3278.3,3276.94,3274.49,5950.33848764,2026-01-16 19:00:00+00:00
ETH-USD,main,3262.29,3292.88,3274.49,3291.84,5364.11240661,2026-01-16 20:00:00+00:00
ETH-USD,main,3285.58,3298.16,3292.07,3289.14,3039.00106403,2026-01-16 21:00:00+00:00
ETH-USD,main,3281.2,3295.0,3289.14,3292.7,1981.72875185,2026-01-16 22:00:00+00:00
ETH-USD,main,3291.16,3298.7,3292.7,3294.88,1539.48951767,2026-01-16 23:00:00+00:00
ETH-USD,main,3288.8,3296.3,3294.87,3291.83,1091.53023599,2026-01-17 00:00:00+00:00
ETH-USD,main,3286.26,3295.07,3291.82,3289.62,1119.95605884,2026-01-17 01:00:00+00:00
ETH-USD,main,3282.3,3291.54,3289.64,3290.74,1125.52872947,2026-01-17 02:00:00+00:00
ETH-USD,main,3286.2,3291.02,3290.74,3288.01,685.36772434,2026-01-17 03:00:00+00:00
ETH-USD,main,3284.21,3291.41,3288.01,3290.55,511.68238922,2026-01-17 04:00:00+00:00
ETH-USD,main,3288.15,3292.74,3290.55,3290.08,559.24689395,2026-01-17 05:00:00+00:00
ETH-USD,main,3286.05,3292.42,3290.08,3289.79,376.65797051,2026-01-17 06:00:00+00:00
ETH-USD,main,3286.01,3291.75,3289.79,3290.29,484.511445,2026-01-17 07:00:00+00:00
ETH-USD,main,3287.87,3295.5,3290.28,3295.24,581.88590056,2026-01-17 08:00:00+00:00
ETH-USD,main,3292.37,3302.44,3295.25,3297.43,544.395024,2026-01-17 09:00:00+00:00
ETH-USD,main,3293.85,3299.7,3297.4,3295.14,290.32913102,2026-01-17 10:00:00+00:00
ETH-USD,main,3291.16,3304.22,3294.9,3301.79,412.02819651,2026-01-17 11:00:00+00:00
ETH-USD,main,3299.18,3305.17,3301.65,3301.49,271.28570827,2026-01-17 12:00:00+00:00
ETH-USD,main,3298.36,3303.53,3301.46,3302.67,360.41116117,2026-01-17 13:00:00+00:00
ETH-USD,main,3300.46,3310.44,3302.66,3309.11,883.57326401,2026-01-17 14:00:00+00:00
ETH-USD,main,3307.0,3329.02,3309.01,3328.43,2202.52952339,2026-01-17 15:00:00+00:00
ETH-USD,main,3311.26,3328.99,3328.64,3317.88,2292.86160433,2026-01-17 16:00:00+00:00
ETH-USD,main,3316.1,3326.57,3317.88,3318.13,1047.13800544,2026-01-17 17:00:00+00:00
ETH-USD,main,3313.51,3319.61,3318.95,3316.73,806.36625923,2026-01-17 18:00:00+00:00
ETH-USD,main,3313.65,3320.34,3316.73,3315.18,690.93523252,2026-01-17 19:00:00+00:00
ETH-USD,main,3313.65,3318.9,3315.18,3316.2,594.68496481,2026-01-17 20:00:00+00:00
ETH-USD,main,3306.17,3316.31,3316.2,3311.51,654.07437216,2026-01-17 21:00:00+00:00
ETH-USD,main,3296.11,3311.73,3311.5,3300.61,1677.73882861,2026-01-17 22:00:00+00:00
ETH-USD,main,3300.01,3309.38,3300.61,3309.33,1074.66809696,2026-01-17 23:00:00+00:00
ETH-USD,main,3301.72,3313.39,3309.0,3303.21,1212.23151621,2026-01-18 00:00:00+00:00
ETH-USD,main,3293.92,3305.89,3303.2,3299.94,1256.06905798,2026-01-18 01:00:00+00:00
ETH-USD,main,3295.21,3304.64,3299.79,3301.8,1054.16550835,2026-01-18 02:00:00+00:00
ETH-USD,main,3301.06,3317.38,3302.03,3314.66,846.23666142,2026-01-18 03:00:00+00:00
ETH-USD,main,3308.35,3316.71,3314.61,3310.73,719.50484325,2026-01-18 04:00:00+00:00
ETH-USD,main,3309.76,3316.94,3310.74,3314.9,576.89773609,2026-01-18 05:00:00+00:00
ETH-USD,main,3310.63,3316.65,3315.0,3314.29,509.75848499,2026-01-18 06:00:00+00:00
ETH-USD,main,3304.63,3314.96,3314.28,3306.13,595.64568886,2026-01-18 07:00:00+00:00
ETH-USD,main,3302.41,3315.55,3306.26,3314.33,487.72591335,2026-01-18 08:00:00+00:00
ETH-USD,main,3313.0,3323.66,3314.32,3321.76,835.54912289,2026-01-18 09:00:00+00:00
ETH-USD,main,3317.26,3324.9,3321.76,3324.41,298.9101886,2026-01-18 10:00:00+00:00
ETH-USD,main,3317.95,3324.42,3324.42,3321.03,518.91396057,2026-01-18 11:00:00+00:00
ETH-USD,main,3317.58,3325.8,3321.04,3321.12,916.71053361,2026-01-18 12:00:00+00:00
ETH-USD,main,3313.5,3329.07,3321.12,3324.87,1222.9840962,2026-01-18 13:00:00+00:00
ETH-USD,main,3321.26,3346.71,3324.86,3323.58,2101.46117913,2026-01-18 14:00:00+00:00
ETH-USD,main,3317.59,3334.64,3323.58,3332.3,1188.41601365,2026-01-18 15:00:00+00:00
ETH-USD,main,3328.64,3337.5,3332.48,3332.31,1029.55594477,2026-01-18 16:00:00+00:00
ETH-USD,main,3331.14,3344.34,3332.56,3343.64,979.05875301,2026-01-18 17:00:00+00:00
ETH-USD,main,3335.8,3367.65,3343.5,3360.9,3240.26619409,2026-01-18 18:00:00+00:00
ETH-USD,main,3343.05,3364.94,3360.9,3345.87,1714.53485975,2026-01-18 19:00:00+00:00
ETH-USD,main,3337.48,3352.67,3345.95,3340.1,1330.96017901,2026-01-18 20:00:00+00:00
ETH-USD,main,3335.81,3344.55,3340.1,3340.6,978.67600528,2026-01-18 21:00:00+00:00
ETH-USD,main,3338.79,3355.1,3340.6,3349.5,1346.85183279,2026-01-18 22:00:00+00:00
ETH-USD,main,3276.92,3349.5,3349.5,3282.55,9474.23268385,2026-01-18 23:00:00+00:00
ETH-USD,main,3177.0,3282.71,3282.5,3210.87,17790.14992499,2026-01-19 00:00:00+00:00
ETH-USD,main,3193.32,3220.93,3210.86,3205.4,4346.1735186,2026-01-19 01:00:00+00:00
ETH-USD,main,3193.03,3215.14,3205.2,3202.88,3328.23098634,2026-01-19 02:00:00+00:00
ETH-USD,main,3194.1,3211.94,3202.78,3211.02,2403.42358227,2026-01-19 03:00:00+00:00
ETH-USD,main,3203.56,3216.14,3210.78,3211.14,2631.24795228,2026-01-19 04:00:00+00:00
ETH-USD,main,3194.62,3213.78,3211.14,3201.34,3476.39147454,2026-01-19 05:00:00+00:00
ETH-USD,main,3186.01,3203.49,3201.34,3194.18,2681.85286072,2026-01-19 06:00:00+00:00
ETH-USD,main,3194.0,3207.59,3194.18,3205.65,2416.00428817,2026-01-19 07:00:00+00:00
ETH-USD,main,3195.82,3220.21,3205.66,3212.35,4292.22516222,2026-01-19 08:00:00+00:00
ETH-USD,main,3204.16,3213.21,3212.16,3207.56,2669.60321752,2026-01-19 09:00:00+00:00
ETH-USD,main,3203.53,3214.91,3207.56,3213.69,1484.04223624,2026-01-19 10:00:00+00:00
ETH-USD,main,3210.88,3229.59,3213.85,3221.75,1655.99257741,2026-01-19 11:00:00+00:00
ETH-USD,main,3217.29,3233.74,3221.96,3223.1,1879.29009811,2026-01-19 12:00:00+00:00
ETH-USD,main,3211.03,3223.18,3223.1,3215.98,2027.83913781,2026-01-19 13:00:00+00:00
ETH-USD,main,3201.24,3217.44,3216.05,3211.18,3491.99651304,2026-01-19 14:00:00+00:00
ETH-USD,main,3208.0,3218.73,3211.3,3214.47,2373.97171566,2026-01-19 15:00:00+00:00
ETH-USD,main,3210.92,3226.59,3214.4,3221.68,2287.79356177,2026-01-19 16:00:00+00:00
ETH-USD,main,3214.91,3224.55,3221.51,3218.4,1987.77147838,2026-01-19 17:00:00+00:00
ETH-USD,main,3206.33,3219.59,3218.34,3212.97,3234.19401271,2026-01-19 18:00:00+00:00
ETH-USD,main,3212.93,3223.18,3212.96,3218.32,2006.02884281,2026-01-19 19:00:00+00:00
ETH-USD,main,3210.63,3224.0,3218.33,3212.43,3171.61512856,2026-01-19 20:00:00+00:00
ETH-USD,main,3208.29,3219.87,3212.66,3211.03,1683.76938884,2026-01-19 21:00:00+00:00
ETH-USD,main,3183.68,3213.09,3211.02,3186.51,3870.97457518,2026-01-19 22:00:00+00:00
ETH-USD,main,3162.86,3195.97,3186.5,3187.51,5897.71129846,2026-01-19 23:00:00+00:00
ETH-USD,main,3174.01,3198.16,3187.17,3181.73,3273.24736474,2026-01-20 00:00:00+00:00
ETH-USD,main,3173.22,3196.85,3181.73,3190.74,2395.15127413,2026-01-20 01:00:00+00:00
ETH-USD,main,3176.63,3197.7,3190.9,3190.14,3591.40259551,2026-01-20 02:00:00+00:00
ETH-USD,main,3181.04,3192.79,3190.14,3186.13,2088.75782887,2026-01-20 03:00:00+00:00
ETH-USD,main,3166.32,3186.8,3186.13,3170.18,3847.78882236,2026-01-20 04:00:00+00:00
ETH-USD,main,3148.88,3172.03,3170.18,3168.42,5384.61665987,2026-01-20 05:00:00+00:00
ETH-USD,main,3105.89,3169.61,3168.42,3113.0,6178.11014084,2026-01-20 06:00:00+00:00
ETH-USD,main,3108.59,3127.95,3113.21,3119.95,3094.13796565,2026-01-20 07:00:00+00:00
ETH-USD,main,3081.19,3120.53,3119.66,3103.1,4614.05872921,2026-01-20 08:00:00+00:00
ETH-USD,main,3085.01,3104.76,3102.91,3090.78,2161.15611518,2026-01-20 09:00:00+00:00
ETH-USD,main,3087.62,3105.65,3090.71,3099.65,989.57954711,2026-01-20 10:00:00+00:00
ETH-USD,main,3099.71,3110.0,3099.71,3106.56,1293.3221876,2026-01-20 11:00:00+00:00
ETH-USD,main,3099.46,3111.95,3106.65,3108.49,1309.69729066,2026-01-20 12:00:00+00:00
ETH-USD,main,3070.98,3110.55,3108.49,3076.07,4555.87751584,2026-01-20 13:00:00+00:00
ETH-USD,main,3031.26,3086.3,3076.14,3043.8,11912.67232869,2026-01-20 14:00:00+00:00
ETH-USD,main,2992.48,3046.2,3043.79,3029.7,14114.4633384,2026-01-20 15:00:00+00:00
ETH-USD,main,2993.33,3039.4,3029.26,3006.05,10043.04055602,2026-01-20 16:00:00+00:00
ETH-USD,main,2980.77,3020.37,3006.04,2996.39,11515.9831037,2026-01-20 17:00:00+00:00
ETH-USD,main,2983.95,3005.24,2996.11,2987.83,7946.30940269,2026-01-20 18:00:00+00:00
ETH-USD,main,2976.11,2999.92,2987.82,2991.99,8916.73204615,2026-01-20 19:00:00+00:00
ETH-USD,main,2981.5,3002.64,2991.99,3002.64,6224.34267532,2026-01-20 20:00:00+00:00
ETH-USD,main,2985.45,3002.85,3002.23,2989.22,2938.18960227,2026-01-20 21:00:00+00:00
ETH-USD,main,2912.52,2994.89,2989.22,2947.65,5453.25304986,2026-01-20 22:00:00+00:00
ETH-USD,main,2926.4,2949.0,2947.65,2936.5,4829.24081021,2026-01-20 23:00:00+00:00
ETH-USD,main,2918.22,2965.6,2936.5,2956.27,5170.01376617,2026-01-21 00:00:00+00:00
ETH-USD,main,2951.38,2970.64,2956.21,2961.6,4080.74245849,2026-01-21 01:00:00+00:00
ETH-USD,main,2954.32,2971.8,2961.6,2958.3,3001.74268172,2026-01-21 02:00:00+00:00
ETH-USD,main,2957.4,2981.04,2958.2,2977.85,3183.82559314,2026-01-21 03:00:00+00:00
ETH-USD,main,2970.77,2981.98,2977.85,2975.78,2093.09905218,2026-01-21 04:00:00+00:00
ETH-USD,main,2974.21,2998.95,2975.77,2989.95,2404.46276817,2026-01-21 05:00:00+00:00
ETH-USD,main,2972.2,2990.72,2989.94,2977.1,2964.21245965,2026-01-21 06:00:00+00:00
ETH-USD,main,2963.03,2982.4,2976.89,2967.45,2733.78049764,2026-01-21 07:00:00+00:00
ETH-USD,main,2953.38,2971.15,2967.3,2962.2,2578.5013029,2026-01-21 08:00:00+00:00
ETH-USD,main,2946.55,2971.78,2962.09,2950.65,1711.35233196,2026-01-21 09:00:00+00:00
ETH-USD,main,2948.4,2966.25,2950.98,2959.86,2366.49960411,2026-01-21 10:00:00+00:00
ETH-USD,main,2935.92,2971.13,2959.9,2940.49,2797.39109575,2026-01-21 11:00:00+00:00
ETH-USD,main,2900.01,2943.61,2940.46,2928.59,7135.69179339,2026-01-21 12:00:00+00:00
ETH-USD,main,2917.21,2942.63,2928.48,2925.4,4290.22018072,2026-01-21 13:00:00+00:00
ETH-USD,main,2921.63,2991.76,2925.39,2977.7,11266.34981091,2026-01-21 14:00:00+00:00
ETH-USD,main,2971.81,3024.0,2977.66,3000.2,10614.85011888,2026-01-21 15:00:00+00:00
ETH-USD,main,2882.69,3003.04,3000.19,2888.5,18105.1506268,2026-01-21 16:00:00+00:00
ETH-USD,main,2863.4,2911.17,2888.63,2900.5,16003.76952343,2026-01-21 17:00:00+00:00
ETH-USD,main,2884.69,2931.53,2900.89,2924.88,11875.64588596,2026-01-21 18:00:00+00:00
ETH-USD,main,2913.23,3066.65,2924.96,3053.05,15834.02617118,2026-01-21 19:00:00+00:00
ETH-USD,main,3000.21,3055.51,3053.17,3028.41,20873.52503102,2026-01-21 20:00:00+00:00
ETH-USD,main,3018.0,3041.48,3028.74,3029.01,4146.07600501,2026-01-21 21:00:00+00:00
ETH-USD,main,3007.19,3042.7,3029.01,3008.0,2485.26415011,2026-01-21 22:00:00+00:00
ETH-USD,main,2969.35,3023.17,3007.95,2979.6,10449.03926551,2026-01-21 23:00:00+00:00
ETH-USD,main,2978.11,3008.81,2979.59,3002.81,3720.04169783,2026-01-22 00:00:00+00:00
ETH-USD,main,3000.02,3030.99,3003.0,3025.89,3130.70121713,2026-01-22 01:00:00+00:00
ETH-USD,main,3012.12,3035.84,3025.89,3014.81,3353.82725132,2026-01-22 02:00:00+00:00
ETH-USD,main,2996.51,3028.14,3014.82,3010.7,2378.51083332,2026-01-22 03:00:00+00:00
ETH-USD,main,3008.34,3021.9,3010.54,3019.77,1972.47426043,2026-01-22 04:00:00+00:00
ETH-USD,main,3011.55,3024.83,3019.77,3017.02,964.1518631,2026-01-22 05:00:00+00:00
ETH-USD,main,3006.13,3024.58,3016.93,3016.18,2401.32246729,2026-01-22 06:00:00+00:00
ETH-USD,main,2997.19,3019.68,3016.2,2997.9,2793.78032153,2026-01-22 07:00:00+00:00
ETH-USD,main,2989.0,3005.49,2997.89,3002.6,4380.14773364,2026-01-22 08:00:00+00:00
ETH-USD,main,2999.9,3013.59,3002.58,3010.68,3494.86916386,2026-01-22 09:00:00+00:00
ETH-USD,main,2997.0,3011.84,3010.68,2999.83,3678.3965072,2026-01-22 10:00:00+00:00
ETH-USD,main,2975.02,3003.9,2999.82,2983.31,7904.4865068,2026-01-22 11:00:00+00:00
ETH-USD,main,2975.17,2995.28,2983.5,2987.95,3481.90377328,2026-01-22 12:00:00+00:00
ETH-USD,main,2959.11,3007.7,2987.96,2970.3,3702.21069126,2026-01-22 13:00:00+00:00
ETH-USD,main,2931.84,2979.64,2969.92,2937.71,7711.6192672,2026-01-22 14:00:00+00:00
ETH-USD,main,2902.91,2965.84,2937.88,2939.3,9151.65645382,2026-01-22 15:00:00+00:00
ETH-USD,main,2921.21,2956.2,2939.31,2943.48,5708.47450678,2026-01-22 16:00:00+00:00
ETH-USD,main,2932.01,2961.42,2943.45,2958.74,9667.16932004,2026-01-22 17:00:00+00:00
ETH-USD,main,2934.21,2969.58,2958.69,2936.31,16174.19080357,2026-01-22 18:00:00+00:00
ETH-USD,main,2925.01,2960.83,2936.3,2951.3,6561.10717587,2026-01-22 19:00:00+00:00
ETH-USD,main,2927.3,2955.19,2951.3,2935.63,6138.35014975,2026-01-22 20:00:00+00:00
ETH-USD,main,2929.87,2948.23,2935.27,2942.45,4514.57932787,2026-01-22 21:00:00+00:00
ETH-USD,main,2939.84,2955.96,2942.64,2948.74,2629.02738658,2026-01-22 22:00:00+00:00
ETH-USD,main,2936.4,2952.89,2948.65,2949.36,2583.42614213,2026-01-22 23:00:00+00:00
ETH-USD,main,2942.71,2954.86,2949.36,2950.34,3216.59049737,2026-01-23 00:00:00+00:00
ETH-USD,main,2950.03,2966.8,2950.25,2965.95,2769.38295251,2026-01-23 01:00:00+00:00
ETH-USD,main,2949.27,2968.79,2965.65,2949.27,3040.11453308,2026-01-23 02:00:00+00:00
ETH-USD,main,2948.24,2962.28,2949.27,2961.22,2523.88529106,2026-01-23 03:00:00+00:00
ETH-USD,main,2959.53,2981.11,2961.22,2974.5,3387.09670844,2026-01-23 04:00:00+00:00
ETH-USD,main,2960.36,2974.82,2974.5,2964.97,2721.10867402,2026-01-23 05:00:00+00:00
ETH-USD,main,2933.85,2971.65,2964.81,2936.07,3397.74410103,2026-01-23 06:00:00+00:00
ETH-USD,main,2931.32,2947.81,2936.23,2944.5,2591.06081144,2026-01-23 07:00:00+00:00
ETH-USD,main,2918.19,2947.22,2944.35,2923.51,3523.70745102,2026-01-23 08:00:00+00:00
ETH-USD,main,2910.01,2930.99,2923.5,2917.05,6402.69973832,2026-01-23 09:00:00+00:00
ETH-USD,main,2910.76,2930.85,2917.11,2927.09,3491.99531077,2026-01-23 10:00:00+00:00
ETH-USD,main,2924.57,2942.49,2927.09,2936.88,1409.83504724,2026-01-23 11:00:00+00:00
ETH-USD,main,2925.07,2936.87,2936.87,2930.86,1125.82687541,2026-01-23 12:00:00+00:00
ETH-USD,main,2923.21,2940.24,2930.86,2927.2,2727.83617125,2026-01-23 13:00:00+00:00
ETH-USD,main,2888.01,2938.59,2927.1,2912.15,9766.81828897,2026-01-23 14:00:00+00:00
ETH-USD,main,2895.07,2961.42,2912.4,2949.1,8607.04387047,2026-01-23 15:00:00+00:00
ETH-USD,main,2934.81,2977.0,2949.09,2964.73,9168.76407771,2026-01-23 16:00:00+00:00
ETH-USD,main,2956.23,3015.0,2964.58,2983.68,10719.91517937,2026-01-23 17:00:00+00:00
ETH-USD,main,2974.32,3005.1,2983.67,2985.21,6085.54126729,2026-01-23 18:00:00+00:00
ETH-USD,main,2943.01,2985.34,2985.21,2956.13,6530.23895558,2026-01-23 19:00:00+00:00
ETH-USD,main,2927.01,2960.29,2956.13,2936.25,5239.47692174,2026-01-23 20:00:00+00:00
ETH-USD,main,2934.53,2949.77,2936.38,2940.5,2829.99224797,2026-01-23 21:00:00+00:00
ETH-USD,main,2939.31,2959.48,2940.49,2956.2,1500.34349248,2026-01-23 22:00:00+00:00
ETH-USD,main,2947.2,2956.21,2956.21,2952.77,1209.34927193,2026-01-23 23:00:00+00:00
ETH-USD,main,2945.0,2955.4,2952.76,2947.15,1962.56538326,2026-01-24 00:00:00+00:00
ETH-USD,main,2946.1,2955.7,2947.14,2952.3,1561.11682439,2026-01-24 01:00:00+00:00
ETH-USD,main,2950.5,2958.31,2952.23,2955.55,1138.14644291,2026-01-24 02:00:00+00:00
ETH-USD,main,2953.0,2966.14,2955.54,2958.4,3291.3380527,2026-01-24 03:00:00+00:00
ETH-USD,main,2955.45,2962.9,2958.4,2959.68,876.84090153,2026-01-24 04:00:00+00:00
ETH-USD,main,2953.25,2962.37,2959.68,2957.44,940.69143128,2026-01-24 05:00:00+00:00
ETH-USD,main,2954.36,2959.7,2957.48,2957.1,836.01521727,2026-01-24 06:00:00+00:00
ETH-USD,main,2949.89,2957.53,2957.1,2952.88,1567.15072415,2026-01-24 07:00:00+00:00
ETH-USD,main,2950.53,2959.09,2952.62,2958.69,1863.57032427,2026-01-24 08:00:00+00:00
ETH-USD,main,2955.41,2960.49,2958.69,2956.54,542.58811713,2026-01-24 09:00:00+00:00
ETH-USD,main,2954.32,2958.13,2956.54,2957.47,415.12885769,2026-01-24 10:00:00+00:00
ETH-USD,main,2955.79,2960.3,2957.46,2956.6,622.94605384,2026-01-24 11:00:00+00:00
ETH-USD,main,2954.82,2960.25,2956.6,2958.48,745.73300047,2026-01-24 12:00:00+00:00
ETH-USD,main,2948.15,2959.87,2958.43,2948.15,899.59403547,2026-01-24 13:00:00+00:00
ETH-USD,main,2939.8,2956.0,2942.42,2955.59,1301.54729567,2026-01-24 14:00:00+00:00
ETH-USD,main,2951.03,2964.2,2955.59,2952.73,1321.02443509,2026-01-24 15:00:00+00:00
ETH-USD,main,2947.19,2957.68,2952.72,2954.39,1387.95017386,2026-01-24 16:00:00+00:00
ETH-USD,main,2953.19,2961.68,2954.39,2959.15,1444.0985994,2026-01-24 17:00:00+00:00
ETH-USD,main,2957.0,2964.25,2959.65,2959.08,1035.47710349,2026-01-24 18:00:00+00:00
ETH-USD,main,2948.11,2959.94,2959.09,2949.36,1475.67981926,2026-01-24 19:00:00+00:00
ETH-USD,main,2949.17,2954.6,2949.36,2951.8,1100.85654608,2026-01-24 20:00:00+00:00
ETH-USD,main,2944.91,2953.92,2951.8,2953.92,1409.06125496,2026-01-24 21:00:00+00:00
ETH-USD,main,2953.92,2960.03,2953.92,2958.68,920.83844857,2026-01-24 22:00:00+00:00
ETH-USD,main,2948.15,2959.93,2958.8,2948.86,1282.13388921,2026-01-24 23:00:00+00:00
ETH-USD,main,2948.11,2954.77,2948.85,2954.76,1014.87741571,2026-01-25 00:00:00+00:00
ETH-USD,main,2945.36,2956.13,2954.74,2950.61,1433.9870094,2026-01-25 01:00:00+00:00
ETH-USD,main,2948.49,2953.57,2950.65,2948.96,981.72520337,2026-01-25 02:00:00+00:00
ETH-USD,main,2933.01,2949.94,2948.96,2938.42,2142.50709588,2026-01-25 03:00:00+00:00
ETH-USD,main,2936.0,2945.13,2938.42,2941.01,1210.13392484,2026-01-25 04:00:00+00:00
ETH-USD,main,2937.77,2944.56,2941.02,2942.88,775.71680664,2026-01-25 05:00:00+00:00
ETH-USD,main,2929.99,2943.03,2942.88,2939.77,1618.82323838,2026-01-25 06:00:00+00:00
ETH-USD,main,2934.22,2939.77,2939.77,2935.33,743.04208655,2026-01-25 07:00:00+00:00
ETH-USD,main,2916.41,2940.41,2935.32,2924.81,1565.11865902,2026-01-25 08:00:00+00:00
ETH-USD,main,2922.31,2934.8,2924.69,2931.1,854.52112057,2026-01-25 09:00:00+00:00
ETH-USD,main,2930.97,2943.66,2931.1,2940.67,903.30779152,2026-01-25 10:00:00+00:00
ETH-USD,main,2927.93,2941.96,2940.49,2932.79,1086.85263049,2026-01-25 11:00:00+00:00
ETH-USD,main,2927.91,2940.26,2932.79,2938.21,1261.57012612,2026-01-25 12:00:00+00:00
ETH-USD,main,2930.98,2940.97,2938.25,2937.82,1165.80561622,2026-01-25 13:00:00+00:00
ETH-USD,main,2920.56,2938.77,2937.5,2928.3,2046.91845606,2026-01-25 14:00:00+00:00
ETH-USD,main,2917.68,2931.94,2928.25,2922.86,1316.70088607,2026-01-25 15:00:00+00:00
ETH-USD,main,2872.29,2923.68,2922.86,2892.98,7501.93219748,2026-01-25 16:00:00+00:00
ETH-USD,main,2875.0,2894.69,2893.02,2880.53,4454.31725975,2026-01-25 17:00:00+00:00
ETH-USD,main,2825.27,2885.16,2880.7,2844.62,35589.9996844,2026-01-25 18:00:00+00:00
ETH-USD,main,2793.41,2854.68,2844.75,2810.13,8763.33432765,2026-01-25 19:00:00+00:00
ETH-USD,main,2784.23,2821.44,2810.23,2807.01,6850.44839731,2026-01-25 20:00:00+00:00
ETH-USD,main,2799.52,2823.02,2807.0,2816.1,5134.21893686,2026-01-25 21:00:00+00:00
ETH-USD,main,2787.17,2816.39,2815.97,2804.23,5011.20798175,2026-01-25 22:00:00+00:00
ETH-USD,main,2783.26,2818.5,2804.24,2814.28,7494.2164782,2026-01-25 23:00:00+00:00
ETH-USD,main,2809.43,2844.24,2814.19,2838.72,7356.78321035,2026-01-26 00:00:00+00:00
ETH-USD,main,2835.27,2895.44,2838.81,2879.46,9104.06323313,2026-01-26 01:00:00+00:00
ETH-USD,main,2860.09,2882.01,2879.6,2862.45,4627.31355605,2026-01-26 02:00:00+00:00
ETH-USD,main,2837.11,2868.83,2862.26,2846.92,4623.56795463,2026-01-26 03:00:00+00:00
ETH-USD,main,2845.98,2871.97,2846.96,2862.3,4019.41821701,2026-01-26 04:00:00+00:00
ETH-USD,main,2856.18,2869.86,2862.46,2866.09,1833.13239722,2026-01-26 05:00:00+00:00
ETH-USD,main,2862.54,2889.75,2866.07,2888.07,3211.60963479,2026-01-26 06:00:00+00:00
ETH-USD,main,2882.66,2907.13,2888.06,2900.0,5073.23937297,2026-01-26 07:00:00+00:00
ETH-USD,main,2893.96,2930.5,2900.0,2909.08,5119.79157269,2026-01-26 08:00:00+00:00
ETH-USD,main,2877.9,2910.14,2909.09,2882.56,3969.3373012,2026-01-26 09:00:00+00:00
ETH-USD,main,2881.45,2898.47,2882.57,2893.31,1565.47320256,2026-01-26 10:00:00+00:00
ETH-USD,main,2885.11,2898.04,2893.3,2889.5,1548.01927831,2026-01-26 11:00:00+00:00
ETH-USD,main,2889.5,2911.5,2889.5,2899.7,2424.60673447,2026-01-26 12:00:00+00:00
ETH-USD,main,2894.29,2908.62,2899.67,2906.86,2645.11305377,2026-01-26 13:00:00+00:00
ETH-USD,main,2872.46,2931.08,2906.86,2919.9,11974.466756,2026-01-26 14:00:00+00:00
ETH-USD,main,2884.56,2948.49,2919.62,2896.21,11740.4847325,2026-01-26 15:00:00+00:00
ETH-USD,main,2888.94,2914.9,2896.17,2898.3,10514.45595041,2026-01-26 16:00:00+00:00
ETH-USD,main,2883.32,2913.0,2898.47,2906.47,7131.45964542,2026-01-26 17:00:00+00:00
ETH-USD,main,2904.8,2929.99,2906.44,2929.02,8140.07334689,2026-01-26 18:00:00+00:00
ETH-USD,main,2915.53,2933.19,2929.1,2920.17,5866.0442765,2026-01-26 19:00:00+00:00
ETH-USD,main,2894.52,2926.21,2920.15,2898.2,8143.31929959,2026-01-26 20:00:00+00:00
ETH-USD,main,2892.47,2940.0,2898.07,2925.88,5938.92822155,2026-01-26 21:00:00+00:00
ETH-USD,main,2916.4,2934.0,2925.87,2924.18,3121.66801986,2026-01-26 22:00:00+00:00
ETH-USD,main,2915.17,2942.18,2924.18,2926.85,5336.84686023,2026-01-26 23:00:00+00:00
ETH-USD,main,2914.0,2927.9,2926.89,2917.1,3307.47192883,2026-01-27 00:00:00+00:00
ETH-USD,main,2908.5,2936.62,2917.09,2928.99,6602.98573056,2026-01-27 01:00:00+00:00
ETH-USD,main,2928.99,2943.73,2929.0,2941.42,4025.29770856,2026-01-27 02:00:00+00:00
ETH-USD,main,2932.68,2945.28,2941.41,2937.96,2829.89227219,2026-01-27 03:00:00+00:00
ETH-USD,main,2933.14,2952.99,2937.47,2937.11,3110.43294205,2026-01-27 04:00:00+00:00
ETH-USD,main,2929.7,2938.61,2937.04,2935.9,2277.72448061,2026-01-27 05:00:00+00:00
ETH-USD,main,2920.68,2939.19,2935.9,2925.27,2402.05882943,2026-01-27 06:00:00+00:00
ETH-USD,main,2923.75,2933.87,2925.27,2925.35,1861.20093077,2026-01-27 07:00:00+00:00
ETH-USD,main,2916.06,2929.18,2925.3,2919.18,2283.58671156,2026-01-27 08:00:00+00:00
ETH-USD,main,2903.26,2919.17,2919.17,2903.79,2061.38215725,2026-01-27 09:00:00+00:00
ETH-USD,main,2897.4,2911.24,2903.79,2899.42,1573.01117983,2026-01-27 10:00:00+00:00
ETH-USD,main,2895.61,2918.05,2899.42,2912.9,1534.63366255,2026-01-27 11:00:00+00:00
ETH-USD,main,2911.5,2923.91,2912.87,2914.66,1922.58087734,2026-01-27 12:00:00+00:00
ETH-USD,main,2901.91,2915.67,2914.66,2908.66,1963.78972875,2026-01-27 13:00:00+00:00
ETH-USD,main,2902.45,2939.17,2908.66,2914.22,6813.82675144,2026-01-27 14:00:00+00:00
ETH-USD,main,2908.61,2938.0,2914.31,2933.77,7125.90600501,2026-01-27 15:00:00+00:00
ETH-USD,main,2930.86,2995.29,2933.77,2987.4,9913.57629829,2026-01-27 16:00:00+00:00
ETH-USD,main,2913.82,2991.32,2987.39,2926.47,8683.41461698,2026-01-27 17:00:00+00:00
ETH-USD,main,2922.3,2985.0,2926.54,2974.5,7791.87709406,2026-01-27 18:00:00+00:00
ETH-USD,main,2962.08,2988.25,2974.5,2976.59,6171.39014202,2026-01-27 19:00:00+00:00
ETH-USD,main,2974.62,3025.97,2976.53,3018.48,13675.76895113,2026-01-27 20:00:00+00:00
ETH-USD,main,3002.0,3027.04,3018.46,3011.7,8550.70055363,2026-01-27 21:00:00+00:00
ETH-USD,main,2999.24,3018.99,3011.69,3015.28,3438.49649282,2026-01-27 22:00:00+00:00
ETH-USD,main,3006.1,3031.39,3015.28,3021.91,4460.13911203,2026-01-27 23:00:00+00:00
ETH-USD,main,3011.21,3025.49,3021.9,3019.92,2547.16870921,2026-01-28 00:00:00+00:00
ETH-USD,main,3002.54,3022.52,3020.08,3013.94,2792.13783745,2026-01-28 01:00:00+00:00
ETH-USD,main,3001.2,3014.35,3013.93,3006.29,2487.84570526,2026-01-28 02:00:00+00:00
ETH-USD,main,2992.39,3008.07,3006.05,3000.78,3591.82902996,2026-01-28 03:00:00+00:00
ETH-USD,main,2984.65,3002.53,3000.79,2995.58,2865.06640791,2026-01-28 04:00:00+00:00
ETH-USD,main,2992.65,3004.8,2995.58,3000.16,2256.60795141,2026-01-28 05:00:00+00:00
ETH-USD,main,2999.06,3014.35,3000.14,3010.19,2489.56565338,2026-01-28 06:00:00+00:00
ETH-USD,main,2997.69,3011.21,3010.2,3000.72,2043.75224085,2026-01-28 07:00:00+00:00
ETH-USD,main,2984.1,3002.54,3000.72,2986.31,3472.93110541,2026-01-28 08:00:00+00:00
ETH-USD,main,2982.0,3013.47,2986.21,3013.41,4750.6578627,2026-01-28 09:00:00+00:00
ETH-USD,main,3008.53,3035.29,3013.47,3021.64,6121.5605158,2026-01-28 10:00:00+00:00
ETH-USD,main,3011.25,3041.41,3021.63,3035.74,3964.63941752,2026-01-28 11:00:00+00:00
ETH-USD,main,3019.78,3036.36,3035.73,3027.02,3485.77631397,2026-01-28 12:00:00+00:00
ETH-USD,main,3025.33,3041.67,3027.18,3030.65,6523.62272674,2026-01-28 13:00:00+00:00
ETH-USD,main,3002.89,3030.91,3030.64,3008.65,6150.409311,2026-01-28 14:00:00+00:00
ETH-USD,main,2979.21,3016.98,3008.64,3003.89,5815.88831313,2026-01-28 15:00:00+00:00
ETH-USD,main,2991.79,3014.71,3003.9,2995.63,4863.77348317,2026-01-28 16:00:00+00:00
ETH-USD,main,2985.16,3028.13,2995.63,3010.98,5859.38859149,2026-01-28 17:00:00+00:00
ETH-USD,main,2995.94,3021.28,3010.98,3011.29,5263.04978743,2026-01-28 18:00:00+00:00
ETH-USD,main,2992.46,3020.71,3011.29,3013.04,10736.42019215,2026-01-28 19:00:00+00:00
ETH-USD,main,3004.14,3034.78,3012.58,3007.58,6878.32584872,2026-01-28 20:00:00+00:00
ETH-USD,main,2991.83,3018.99,3007.54,3017.16,6381.49359958,2026-01-28 21:00:00+00:00
ETH-USD,main,3003.77,3022.6,3017.33,3014.05,3239.10977849,2026-01-28 22:00:00+00:00
ETH-USD,main,3003.22,3018.35,3014.05,3006.17,3590.14206924,2026-01-28 23:00:00+00:00
ETH-USD,main,2992.01,3009.5,3006.17,3005.08,4775.30027005,2026-01-29 00:00:00+00:00
ETH-USD,main,2981.37,3007.34,3005.13,2988.49,3479.74634356,2026-01-29 01:00:00+00:00
ETH-USD,main,2940.01,2995.01,2988.48,2954.86,5278.68824189,2026-01-29 02:00:00+00:00
ETH-USD,main,2941.76,2967.85,2954.89,2948.07,7733.17820193,2026-01-29 03:00:00+00:00
ETH-USD,main,2932.91,2956.05,2948.07,2954.7,6900.31479042,2026-01-29 04:00:00+00:00
ETH-USD,main,2943.42,2960.72,2954.7,2946.61,2464.34129725,2026-01-29 05:00:00+00:00
ETH-USD,main,2945.42,2955.97,2946.78,2951.49,1853.33418185,2026-01-29 06:00:00+00:00
ETH-USD,main,2950.75,2960.26,2951.58,2957.13,2305.42646299,2026-01-29 07:00:00+00:00
ETH-USD,main,2938.9,2964.79,2957.1,2947.87,3769.20573171,2026-01-29 08:00:00+00:00
ETH-USD,main,2937.67,2950.59,2947.87,2937.92,2166.13554769,2026-01-29 09:00:00+00:00
ETH-USD,main,2936.35,2944.57,2937.92,2939.77,1902.21120921,2026-01-29 10:00:00+00:00
ETH-USD,main,2918.76,2940.37,2939.79,2924.66,3985.14592487,2026-01-29 11:00:00+00:00
ETH-USD,main,2920.05,2933.85,2924.55,2931.83,2103.78289123,2026-01-29 12:00:00+00:00
ETH-USD,main,2926.5,2934.9,2931.82,2931.28,2087.46477976,2026-01-29 13:00:00+00:00
ETH-USD,main,2870.11,2932.29,2931.58,2871.15,10048.2791794,2026-01-29 14:00:00+00:00
ETH-USD,main,2791.8,2872.66,2871.26,2819.0,29037.60812323,2026-01-29 15:00:00+00:00
ETH-USD,main,2796.85,2832.58,2819.19,2830.39,18105.65305535,2026-01-29 16:00:00+00:00
ETH-USD,main,2814.46,2856.39,2830.4,2820.3,11499.10822719,2026-01-29 17:00:00+00:00
ETH-USD,main,2750.36,2830.14,2820.05,2759.04,24137.71329992,2026-01-29 18:00:00+00:00
ETH-USD,main,2752.33,2806.26,2759.09,2792.28,12068.83929506,2026-01-29 19:00:00+00:00
ETH-USD,main,2783.71,2807.47,2792.28,2801.08,8392.9134236,2026-01-29 20:00:00+00:00
ETH-USD,main,2800.08,2820.38,2801.39,2814.97,5340.73165122,2026-01-29 21:00:00+00:00
ETH-USD,main,2806.33,2820.7,2815.06,2815.49,2953.9061209,2026-01-29 22:00:00+00:00
ETH-USD,main,2808.51,2823.16,2815.56,2817.79,4751.12697106,2026-01-29 23:00:00+00:00
ETH-USD,main,2797.68,2824.54,2817.78,2800.13,3014.40510663,2026-01-30 00:00:00+00:00
ETH-USD,main,2681.63,2808.71,2800.43,2743.01,14815.87181126,2026-01-30 01:00:00+00:00
ETH-USD,main,2695.16,2746.53,2743.2,2732.55,11100.01840692,2026-01-30 02:00:00+00:00
ETH-USD,main,2729.77,2743.82,2732.55,2736.9,5087.44210063,2026-01-30 03:00:00+00:00
ETH-USD,main,2734.01,2770.38,2736.85,2748.89,4405.27754309,2026-01-30 04:00:00+00:00
ETH-USD,main,2742.39,2756.66,2748.89,2742.52,4069.79546575,2026-01-30 05:00:00+00:00
ETH-USD,main,2692.97,2744.28,2742.68,2714.05,6430.54726893,2026-01-30 06:00:00+00:00
ETH-USD,main,2713.42,2746.1,2714.04,2735.39,4482.1751128,2026-01-30 07:00:00+00:00
ETH-USD,main,2717.86,2743.59,2735.59,2732.8,2323.77796507,2026-01-30 08:00:00+00:00
ETH-USD,main,2705.5,2739.43,2732.78,2717.53,4100.75266578,2026-01-30 09:00:00+00:00
ETH-USD,main,2706.97,2732.42,2717.52,2731.4,2829.87059597,2026-01-30 10:00:00+00:00
ETH-USD,main,2729.58,2764.16,2731.86,2755.43,3128.82802552,2026-01-30 11:00:00+00:00
ETH-USD,main,2733.3,2761.94,2755.14,2735.89,2849.80729242,2026-01-30 12:00:00+00:00
ETH-USD,main,2714.13,2745.84,2735.84,2725.3,6030.08219757,2026-01-30 13:00:00+00:00
ETH-USD,main,2720.26,2760.3,2725.3,2732.66,11427.9086559,2026-01-30 14:00:00+00:00
ETH-USD,main,2690.0,2748.31,2732.67,2725.5,23215.21379892,2026-01-30 15:00:00+00:00
ETH-USD,main,2701.81,2740.0,2725.35,2722.44,11012.82824738,2026-01-30 16:00:00+00:00
ETH-USD,main,2701.21,2737.03,2722.44,2708.11,10052.98058153,2026-01-30 17:00:00+00:00
ETH-USD,main,2632.39,2745.76,2708.1,2735.49,23076.43520585,2026-01-30 18:00:00+00:00
ETH-USD,main,2730.84,2760.02,2735.73,2738.26,15670.42601863,2026-01-30 19:00:00+00:00
ETH-USD,main,2660.0,2739.1,2738.4,2676.19,19962.96219387,2026-01-30 20:00:00+00:00
ETH-USD,main,2672.89,2710.81,2676.14,2700.68,11477.46671118,2026-01-30 21:00:00+00:00
ETH-USD,main,2688.49,2705.7,2700.4,2705.7,2215.53385155,2026-01-30 22:00:00+00:00
ETH-USD,main,2690.17,2707.44,2705.57,2702.69,3564.62461626,2026-01-30 23:00:00+00:00
ETH-USD,main,2698.43,2710.09,2702.68,2701.95,4252.96221716,2026-01-31 00:00:00+00:00
ETH-USD,main,2692.23,2709.84,2701.94,2695.28,6449.59233566,2026-01-31 01:00:00+00:00
ETH-USD,main,2679.64,2703.95,2695.29,2697.22,6181.35844033,2026-01-31 02:00:00+00:00
ETH-USD,main,2689.88,2702.08,2697.23,2691.22,4010.23779979,2026-01-31 03:00:00+00:00
ETH-USD,main,2688.1,2700.0,2691.22,2690.65,5756.33489889,2026-01-31 04:00:00+00:00
ETH-USD,main,2685.35,2698.57,2690.64,2692.87,4244.18053684,2026-01-31 05:00:00+00:00
ETH-USD,main,2678.77,2695.9,2692.87,2687.82,4896.48858409,2026-01-31 06:00:00+00:00
ETH-USD,main,2663.38,2688.84,2687.82,2675.25,5486.50926525,2026-01-31 07:00:00+00:00
ETH-USD,main,2604.76,2678.61,2675.26,2639.08,15493.28401673,2026-01-31 08:00:00+00:00
ETH-USD,main,2629.05,2654.98,2639.33,2643.83,5158.12116321,2026-01-31 09:00:00+00:00
ETH-USD,main,2631.31,2650.97,2643.9,2646.96,4814.96508136,2026-01-31 10:00:00+00:00
ETH-USD,main,2626.91,2646.92,2646.92,2635.8,4166.66262624,2026-01-31 11:00:00+00:00
ETH-USD,main,2623.58,2640.05,2635.84,2629.13,4862.27061633,2026-01-31 12:00:00+00:00
ETH-USD,main,2613.81,2633.4,2629.19,2625.01,4447.58844796,2026-01-31 13:00:00+00:00
ETH-USD,main,2507.23,2632.27,2625.0,2535.2,22305.67828377,2026-01-31 14:00:00+00:00
ETH-USD,main,2522.35,2550.85,2535.0,2530.11,8570.72149548,2026-01-31 15:00:00+00:00
ETH-USD,main,2465.1,2547.03,2530.14,2479.3,16840.64840999,2026-01-31 16:00:00+00:00
ETH-USD,main,2370.0,2491.0,2479.21,2399.91,26307.08435799,2026-01-31 17:00:00+00:00
ETH-USD,main,2238.74,2413.85,2399.88,2378.32,26322.26249574,2026-01-31 18:00:00+00:00
ETH-USD,main,2368.68,2430.6,2378.27,2379.73,17072.14623374,2026-01-31 19:00:00+00:00
ETH-USD,main,2351.27,2403.85,2380.16,2379.43,13321.49218624,2026-01-31 20:00:00+00:00
ETH-USD,main,2369.93,2420.88,2379.11,2416.54,9430.06874781,2026-01-31 21:00:00+00:00
ETH-USD,main,2403.4,2422.31,2416.53,2416.69,5513.75274664,2026-01-31 22:00:00+00:00
ETH-USD,main,2413.93,2470.92,2416.68,2449.36,10132.06745494,2026-01-31 23:00:00+00:00
ETH-USD,main,2443.47,2473.86,2449.44,2450.15,7779.66278496,2026-02-01 00:00:00+00:00
ETH-USD,main,2427.58,2453.87,2450.11,2442.09,4527.88928471,2026-02-01 01:00:00+00:00
ETH-USD,main,2437.68,2458.91,2442.21,2450.05,3968.75991511,2026-02-01 02:00:00+00:00
ETH-USD,main,2435.84,2454.14,2450.15,2442.87,2200.6168779,2026-02-01 03:00:00+00:00
ETH-USD,main,2439.05,2451.82,2442.91,2445.66,2523.5046857,2026-02-01 04:00:00+00:00
ETH-USD,main,2422.12,2446.8,2445.93,2428.12,3663.83517226,2026-02-01 05:00:00+00:00
ETH-USD,main,2406.28,2437.77,2428.12,2415.88,3759.13080498,2026-02-01 06:00:00+00:00
ETH-USD,main,2390.72,2436.94,2415.87,2408.6,7073.30771169,2026-02-01 07:00:00+00:00
ETH-USD,main,2394.0,2425.41,2408.6,2410.28,4585.77681322,2026-02-01 08:00:00+00:00
ETH-USD,main,2404.36,2435.76,2410.41,2429.91,2346.77095772,2026-02-01 09:00:00+00:00
ETH-USD,main,2373.75,2436.75,2429.92,2378.81,6010.98245932,2026-02-01 10:00:00+00:00
ETH-USD,main,2378.8,2422.39,2378.8,2410.1,3262.11807715,2026-02-01 11:00:00+00:00
ETH-USD,main,2381.0,2411.14,2410.1,2394.19,4357.69800373,2026-02-01 12:00:00+00:00
ETH-USD,main,2368.1,2408.53,2394.05,2379.48,4174.13227536,2026-02-01 13:00:00+00:00
ETH-USD,main,2325.38,2387.39,2379.21,2370.69,9713.69809558,2026-02-01 14:00:00+00:00
ETH-USD,main,2284.27,2370.81,2370.73,2314.24,11324.44786958,2026-02-01 15:00:00+00:00
ETH-USD,main,2283.1,2331.65,2314.4,2302.6,16000.51400857,2026-02-01 16:00:00+00:00
ETH-USD,main,2295.41,2320.59,2302.59,2312.67,10721.90242301,2026-02-01 17:00:00+00:00
ETH-USD,main,2311.9,2376.32,2312.67,2348.98,8340.12658565,2026-02-01 18:00:00+00:00
ETH-USD,main,2304.77,2354.81,2348.98,2318.45,6956.31491826,2026-02-01 19:00:00+00:00
ETH-USD,main,2296.31,2347.19,2318.44,2313.96,8745.28188584,2026-02-01 20:00:00+00:00
ETH-USD,main,2277.01,2317.49,2313.99,2288.4,8751.1719299,2026-02-01 21:00:00+00:00
ETH-USD,main,2284.57,2333.17,2288.46,2316.84,9272.92367625,2026-02-01 22:00:00+00:00
ETH-USD,main,2218.57,2319.12,2316.79,2268.18,18779.36632323,2026-02-01 23:00:00+00:00
ETH-USD,main,2240.71,2322.41,2268.24,2291.5,12713.16679958,2026-02-02 00:00:00+00:00
ETH-USD,main,2248.32,2316.49,2291.59,2288.61,10305.03876516,2026-02-02 01:00:00+00:00
ETH-USD,main,2257.12,2298.54,2288.88,2260.29,11655.33097587,2026-02-02 02:00:00+00:00
ETH-USD,main,2163.7,2265.59,2260.4,2236.95,26003.30934581,2026-02-02 03:00:00+00:00
ETH-USD,main,2205.63,2265.69,2236.9,2238.04,11655.56351276,2026-02-02 04:00:00+00:00
ETH-USD,main,2182.35,2241.27,2238.03,2196.0,12458.18106183,2026-02-02 05:00:00+00:00
ETH-USD,main,2156.25,2237.93,2195.8,2224.79,15811.42955706,2026-02-02 06:00:00+00:00
ETH-USD,main,2215.2,2251.0,2224.79,2226.17,8533.88066907,2026-02-02 07:00:00+00:00
ETH-USD,main,2226.05,2256.13,2226.06,2246.77,6475.49733919,2026-02-02 08:00:00+00:00
ETH-USD,main,2235.48,2316.23,2246.77,2289.26,13144.78516079,2026-02-02 09:00:00+00:00
ETH-USD,main,2270.95,2297.88,2289.36,2275.73,5598.74144835,2026-02-02 10:00:00+00:00
ETH-USD,main,2271.84,2295.92,2275.73,2280.37,6445.56456422,2026-02-02 11:00:00+00:00
ETH-USD,main,2279.89,2315.93,2280.53,2309.66,7883.33147112,2026-02-02 12:00:00+00:00
ETH-USD,main,2300.28,2334.1,2309.6,2325.83,10815.82597109,2026-02-02 13:00:00+00:00
ETH-USD,main,2297.5,2367.35,2325.88,2327.4,24108.97232305,2026-02-02 14:00:00+00:00
ETH-USD,main,2319.0,2395.59,2327.4,2371.5,31419.44112144,2026-02-02 15:00:00+00:00
ETH-USD,main,2348.51,2386.38,2371.34,2357.15,16450.29617973,2026-02-02 16:00:00+00:00
ETH-USD,main,2343.79,2381.3,2357.04,2355.22,11788.19362767,2026-02-02 17:00:00+00:00
ETH-USD,main,2332.41,2358.07,2355.21,2342.76,11494.13327893,2026-02-02 18:00:00+00:00
ETH-USD,main,2325.33,2349.54,2342.64,2329.51,13074.96442276,2026-02-02 19:00:00+00:00
ETH-USD,main,2311.14,2338.8,2329.44,2319.05,13798.16901999,2026-02-02 20:00:00+00:00
ETH-USD,main,2316.79,2343.21,2319.36,2340.37,7605.46430467,2026-02-02 21:00:00+00:00
ETH-USD,main,2333.4,2352.8,2340.5,2349.36,3376.79191175,2026-02-02 22:00:00+00:00
ETH-USD,main,2337.75,2353.55,2349.36,2345.11,4131.18443404,2026-02-02 23:00:00+00:00
ETH-USD,main,2322.83,2354.0,2344.8,2352.17,6171.02171425,2026-02-03 00:00:00+00:00
ETH-USD,main,2335.8,2357.76,2352.06,2352.67,5069.48917478,2026-02-03 01:00:00+00:00
ETH-USD,main,2294.45,2353.0,2352.68,2296.25,6440.06081879,2026-02-03 02:00:00+00:00
ETH-USD,main,2282.32,2342.65,2296.79,2341.31,8735.80100572,2026-02-03 03:00:00+00:00
ETH-USD,main,2331.1,2352.68,2341.42,2343.6,4901.82919809,2026-02-03 04:00:00+00:00
ETH-USD,main,2312.84,2343.8,2343.4,2313.98,4010.75872879,2026-02-03 05:00:00+00:00
ETH-USD,main,2296.03,2326.31,2314.19,2318.16,5975.05365826,2026-02-03 06:00:00+00:00
ETH-USD,main,2310.48,2331.13,2318.05,2320.78,5239.0824607,2026-02-03 07:00:00+00:00
ETH-USD,main,2307.2,2331.08,2320.89,2313.71,5681.58389878,2026-02-03 08:00:00+00:00
ETH-USD,main,2261.17,2316.73,2313.7,2290.22,15907.47850815,2026-02-03 09:00:00+00:00
ETH-USD,main,2274.09,2297.49,2290.22,2279.77,4684.23366301,2026-02-03 10:00:00+00:00
ETH-USD,main,2268.07,2286.11,2279.76,2274.37,8020.26627794,2026-02-03 11:00:00+00:00
ETH-USD,main,2269.78,2303.52,2274.31,2298.88,8087.58343104,2026-02-03 12:00:00+00:00
ETH-USD,main,2293.77,2315.74,2298.79,2310.11,8842.16642755,2026-02-03 13:00:00+00:00
ETH-USD,main,2252.47,2314.98,2310.12,2255.02,15465.43641117,2026-02-03 14:00:00+00:00
ETH-USD,main,2250.1,2311.44,2254.98,2301.35,21618.94591785,2026-02-03 15:00:00+00:00
ETH-USD,main,2233.7,2302.23,2301.35,2238.97,20540.29178271,2026-02-03 16:00:00+00:00
ETH-USD,main,2191.54,2243.01,2239.07,2193.33,16920.88067217,2026-02-03 17:00:00+00:00
ETH-USD,main,2108.24,2204.84,2193.35,2118.45,34163.53480249,2026-02-03 18:00:00+00:00
ETH-USD,main,2109.36,2216.39,2118.44,2202.89,36406.22341311,2026-02-03 19:00:00+00:00
ETH-USD,main,2185.33,2341.95,2202.81,2296.73,47458.63313009,2026-02-03 20:00:00+00:00
ETH-USD,main,2276.35,2334.83,2296.73,2281.16,15039.52893999,2026-02-03 21:00:00+00:00
ETH-USD,main,2226.24,2283.59,2281.16,2233.69,13535.29890321,2026-02-03 22:00:00+00:00
ETH-USD,main,2209.86,2246.09,2233.68,2230.48,11355.72575828,2026-02-03 23:00:00+00:00
ETH-USD,main,2220.64,2253.99,2230.48,2238.24,6424.33975354,2026-02-04 00:00:00+00:00
ETH-USD,main,2238.24,2278.8,2238.24,2265.73,6131.18766051,2026-02-04 01:00:00+00:00
ETH-USD,main,2239.36,2273.65,2265.73,2248.58,5830.53524483,2026-02-04 02:00:00+00:00
ETH-USD,main,2245.93,2292.56,2248.76,2280.39,7307.24682403,2026-02-04 03:00:00+00:00
ETH-USD,main,2267.76,2287.2,2280.41,2270.86,3532.75778194,2026-02-04 04:00:00+00:00
ETH-USD,main,2253.03,2278.3,2270.98,2262.6,5341.73632918,2026-02-04 05:00:00+00:00
ETH-USD,main,2255.26,2282.47,2262.59,2274.61,5065.97533984,2026-02-04 06:00:00+00:00
ETH-USD,main,2260.99,2290.04,2274.61,2280.54,7488.45453296,2026-02-04 07:00:00+00:00
ETH-USD,main,2263.2,2282.76,2280.55,2276.75,2894.52042172,2026-02-04 08:00:00+00:00
ETH-USD,main,2248.25,2276.8,2276.76,2257.41,2548.07684095,2026-02-04 09:00:00+00:00
ETH-USD,main,2247.21,2261.27,2257.29,2257.36,2417.57164911,2026-02-04 10:00:00+00:00
ETH-USD,main,2223.53,2264.09,2257.37,2251.7,7410.43651957,2026-02-04 11:00:00+00:00
ETH-USD,main,2228.22,2260.23,2251.81,2240.64,4669.83623642,2026-02-04 12:00:00+00:00
ETH-USD,main,2193.25,2242.88,2240.8,2195.16,7655.02418274,2026-02-04 13:00:00+00:00
ETH-USD,main,2165.97,2223.1,2195.05,2168.71,25162.64728139,2026-02-04 14:00:00+00:00
ETH-USD,main,2133.6,2194.25,2168.88,2148.74,34484.75519157,2026-02-04 15:00:00+00:00
ETH-USD,main,2102.37,2157.31,2148.6,2131.66,31449.23256939,2026-02-04 16:00:00+00:00
ETH-USD,main,2088.4,2150.94,2131.65,2120.93,44298.37171465,2026-02-04 17:00:00+00:00
ETH-USD,main,2072.57,2181.09,2121.09,2143.16,40305.96045919,2026-02-04 18:00:00+00:00
ETH-USD,main,2128.46,2189.36,2143.01,2183.63,18817.89884711,2026-02-04 19:00:00+00:00
ETH-USD,main,2156.89,2188.0,2183.63,2167.0,12138.97784739,2026-02-04 20:00:00+00:00
ETH-USD,main,2101.81,2175.66,2167.28,2124.74,15318.47201038,2026-02-04 21:00:00+00:00
ETH-USD,main,2083.17,2163.75,2124.95,2115.46,14735.68940523,2026-02-04 22:00:00+00:00
ETH-USD,main,2111.0,2161.1,2115.41,2143.57,9490.73061356,2026-02-04 23:00:00+00:00
ETH-USD,main,2132.06,2159.77,2143.2,2145.42,6156.78522645,2026-02-05 00:00:00+00:00
ETH-USD,main,2118.48,2169.01,2145.72,2143.34,8318.45189998,2026-02-05 01:00:00+00:00
ETH-USD,main,2108.32,2158.8,2143.29,2119.76,10683.69806905,2026-02-05 02:00:00+00:00
ETH-USD,main,2094.4,2132.16,2119.84,2106.19,10003.4511474,2026-02-05 03:00:00+00:00
ETH-USD,main,2075.33,2121.23,2106.15,2100.12,11275.7808097,2026-02-05 04:00:00+00:00
ETH-USD,main,2073.23,2120.0,2099.71,2097.2,10663.74399478,2026-02-05 05:00:00+00:00
ETH-USD,main,2064.48,2103.51,2097.26,2083.47,10471.24683007,2026-02-05 06:00:00+00:00
ETH-USD,main,2081.64,2120.0,2083.46,2087.02,7064.40454689,2026-02-05 07:00:00+00:00
ETH-USD,main,2086.65,2117.27,2087.03,2107.64,4179.20609801,2026-02-05 08:00:00+00:00
ETH-USD,main,2106.83,2145.77,2107.65,2129.75,5081.29911027,2026-02-05 09:00:00+00:00
ETH-USD,main,2082.65,2136.7,2129.65,2093.8,5197.20840667,2026-02-05 10:00:00+00:00
ETH-USD,main,2058.0,2101.44,2093.8,2075.98,13143.12010328,2026-02-05 11:00:00+00:00
ETH-USD,main,2038.03,2089.49,2076.21,2059.92,15827.65366657,2026-02-05 12:00:00+00:00
ETH-USD,main,2044.81,2076.23,2059.79,2054.77,11919.4974247,2026-02-05 13:00:00+00:00
ETH-USD,main,2039.55,2102.82,2054.68,2042.4,24065.68805963,2026-02-05 14:00:00+00:00
ETH-USD,main,1910.0,2050.83,2042.53,1958.08,68812.78778432,2026-02-05 15:00:00+00:00
ETH-USD,main,1941.15,2014.4,1958.09,1994.85,27643.23137878,2026-02-05 16:00:00+00:00
ETH-USD,main,1940.0,1998.45,1994.87,1950.59,24884.94825069,2026-02-05 17:00:00+00:00
ETH-USD,main,1909.05,1964.98,1950.6,1945.99,29151.61384026,2026-02-05 18:00:00+00:00
ETH-USD,main,1912.58,1948.9,1945.85,1924.21,19359.5473576,2026-02-05 19:00:00+00:00
ETH-USD,main,1821.04,1939.0,1924.39,1865.22,55787.55152463,2026-02-05 20:00:00+00:00
ETH-USD,main,1835.22,1908.04,1863.95,1846.31,33867.97361073,2026-02-05 21:00:00+00:00
ETH-USD,main,1814.19,1887.38,1846.4,1866.86,20074.2910917,2026-02-05 22:00:00+00:00
ETH-USD,main,1816.89,1903.67,1867.09,1823.2,30369.86597013,2026-02-05 23:00:00+00:00
ETH-USD,main,1742.79,1890.36,1823.11,1867.71,49581.08915165,2026-02-06 00:00:00+00:00
ETH-USD,main,1867.16,1937.6,1867.88,1929.39,27250.47622353,2026-02-06 01:00:00+00:00
ETH-USD,main,1889.91,1945.2,1929.4,1905.61,16618.9401421,2026-02-06 02:00:00+00:00
ETH-USD,main,1876.88,1916.26,1905.59,1889.3,19673.16458861,2026-02-06 03:00:00+00:00
ETH-USD,main,1883.13,1916.02,1889.3,1906.91,8403.59109149,2026-02-06 04:00:00+00:00
ETH-USD,main,1904.15,1972.86,1906.9,1956.25,12644.36147818,2026-02-06 05:00:00+00:00
ETH-USD,main,1904.46,1964.87,1956.1,1906.4,13211.43170902,2026-02-06 06:00:00+00:00
ETH-USD,main,1885.3,1912.91,1906.4,1896.99,11607.13474643,2026-02-06 07:00:00+00:00
ETH-USD,main,1863.92,1904.41,1896.7,1872.35,14367.83899753,2026-02-06 08:00:00+00:00
ETH-USD,main,1868.72,1926.72,1872.34,1916.42,10359.29278638,2026-02-06 09:00:00+00:00
ETH-USD,main,1907.26,1932.97,1916.64,1924.38,7561.69657792,2026-02-06 10:00:00+00:00
ETH-USD,main,1917.5,1937.76,1924.37,1930.27,7307.98243051,2026-02-06 11:00:00+00:00
ETH-USD,main,1912.4,1930.12,1930.12,1918.87,9518.36331057,2026-02-06 12:00:00+00:00
ETH-USD,main,1917.25,1960.86,1918.87,1948.5,17523.03710276,2026-02-06 13:00:00+00:00
ETH-USD,main,1931.41,2001.75,1948.3,1978.08,31915.93626459,2026-02-06 14:00:00+00:00
ETH-USD,main,1959.14,1997.65,1978.3,1980.1,42448.93377789,2026-02-06 15:00:00+00:00
ETH-USD,main,1971.16,2046.1,1979.82,2035.53,29030.91405998,2026-02-06 16:00:00+00:00
ETH-USD,main,2027.1,2089.89,2035.24,2065.67,24378.30456626,2026-02-06 17:00:00+00:00
ETH-USD,main,2029.31,2069.06,2065.92,2043.19,25055.32834882,2026-02-06 18:00:00+00:00
ETH-USD,main,2030.9,2070.67,2043.24,2064.24,17721.77786532,2026-02-06 19:00:00+00:00
ETH-USD,main,2041.92,2092.83,2064.12,2052.33,23592.3741604,2026-02-06 20:00:00+00:00
ETH-USD,main,2040.26,2059.68,2052.33,2052.47,13705.37104948,2026-02-06 21:00:00+00:00
ETH-USD,main,2044.1,2084.18,2052.47,2073.09,9201.33890474,2026-02-06 22:00:00+00:00
ETH-USD,main,2046.71,2086.21,2073.06,2061.95,8686.45322547,2026-02-06 23:00:00+00:00
ETH-USD,main,2035.45,2062.79,2061.95,2042.49,8958.37747569,2026-02-07 00:00:00+00:00
ETH-USD,main,2031.2,2065.43,2042.03,2060.88,5035.48240619,2026-02-07 01:00:00+00:00
ETH-USD,main,2047.55,2064.03,2060.76,2058.16,4177.51268289,2026-02-07 02:00:00+00:00
ETH-USD,main,2057.01,2084.5,2058.01,2079.41,7692.10420211,2026-02-07 03:00:00+00:00
ETH-USD,main,2077.57,2117.73,2079.4,2086.32,9131.944146,2026-02-07 04:00:00+00:00
ETH-USD,main,2076.35,2102.77,2086.32,2082.66,5493.09491264,2026-02-07 05:00:00+00:00
ETH-USD,main,2046.52,2092.15,2082.66,2046.88,8563.84936868,2026-02-07 06:00:00+00:00
ETH-USD,main,1993.46,2054.75,2046.99,2026.06,14948.5749833,2026-02-07 07:00:00+00:00
ETH-USD,main,2014.19,2031.11,2025.97,2018.14,7083.11664712,2026-02-07 08:00:00+00:00
ETH-USD,main,2003.88,2028.94,2018.22,2013.32,4428.29464289,2026-02-07 09:00:00+00:00
ETH-USD,main,1998.6,2018.7,2013.28,2009.76,2874.09668089,2026-02-07 10:00:00+00:00
ETH-USD,main,2005.25,2020.4,2009.64,2017.09,2806.97298988,2026-02-07 11:00:00+00:00
ETH-USD,main,2015.29,2073.75,2017.22,2039.64,8876.6017144,2026-02-07 12:00:00+00:00
ETH-USD,main,2026.58,2048.85,2039.65,2039.65,5909.50028879,2026-02-07 13:00:00+00:00
ETH-USD,main,2008.31,2047.44,2039.74,2018.5,6999.33677122,2026-02-07 14:00:00+00:00
ETH-USD,main,2012.45,2061.75,2018.51,2050.78,6584.35577298,2026-02-07 15:00:00+00:00
ETH-USD,main,2000.0,2119.74,2050.78,2048.89,50976.65857016,2026-02-07 16:00:00+00:00
ETH-USD,main,2031.1,2071.8,2048.89,2059.79,6315.93634624,2026-02-07 17:00:00+00:00
ETH-USD,main,2057.42,2108.0,2059.73,2095.53,5231.68851783,2026-02-07 18:00:00+00:00
ETH-USD,main,2082.22,2099.48,2095.5,2090.3,3891.20913071,2026-02-07 19:00:00+00:00
ETH-USD,main,2083.32,2111.4,2090.06,2103.56,5114.56383591,2026-02-07 20:00:00+00:00
ETH-USD,main,2096.64,2109.17,2103.81,2099.45,4979.12550068,2026-02-07 21:00:00+00:00
ETH-USD,main,2086.01,2106.62,2099.28,2087.27,2951.34576372,2026-02-07 22:00:00+00:00
ETH-USD,main,2071.6,2094.47,2087.28,2086.17,3521.71517144,2026-02-07 23:00:00+00:00
ETH-USD,main,2075.36,2093.27,2086.19,2083.0,2673.77946023,2026-02-08 00:00:00+00:00
ETH-USD,main,2080.93,2096.54,2082.95,2094.81,2186.54486339,2026-02-08 01:00:00+00:00
ETH-USD,main,2080.76,2105.95,2094.86,2087.19,2414.63857232,2026-02-08 02:00:00+00:00
ETH-USD,main,2074.99,2091.72,2087.82,2077.44,2340.79952094,2026-02-08 03:00:00+00:00
ETH-USD,main,2064.96,2087.62,2077.41,2085.96,2509.4235424,2026-02-08 04:00:00+00:00
ETH-USD,main,2077.5,2087.03,2085.85,2083.2,1445.68958648,2026-02-08 05:00:00+00:00
ETH-USD,main,2075.88,2087.53,2083.24,2077.8,1646.37730662,2026-02-08 06:00:00+00:00
ETH-USD,main,2066.71,2083.07,2077.91,2083.06,2877.49502133,2026-02-08 07:00:00+00:00
ETH-USD,main,2076.73,2122.56,2082.88,2114.02,4615.32863936,2026-02-08 08:00:00+00:00
ETH-USD,main,2093.76,2120.87,2114.04,2098.61,4499.62717869,2026-02-08 09:00:00+00:00
ETH-USD,main,2081.98,2112.27,2098.62,2094.49,4902.54379965,2026-02-08 10:00:00+00:00
ETH-USD,main,2092.93,2136.78,2094.59,2130.9,13636.89539404,2026-02-08 11:00:00+00:00
ETH-USD,main,2123.88,2143.49,2130.79,2129.91,5693.10892262,2026-02-08 12:00:00+00:00
ETH-USD,main,2117.26,2139.32,2129.92,2125.13,7757.80005205,2026-02-08 13:00:00+00:00
ETH-USD,main,2114.94,2128.1,2125.32,2127.13,3168.56361927,2026-02-08 14:00:00+00:00
ETH-USD,main,2096.3,2129.5,2127.35,2107.33,6161.39980512,2026-02-08 15:00:00+00:00
ETH-USD,main,2071.46,2115.01,2107.39,2079.3,7650.05413541,2026-02-08 16:00:00+00:00
ETH-USD,main,2078.4,2097.8,2079.13,2090.9,8540.89172112,2026-02-08 17:00:00+00:00
ETH-USD,main,2089.04,2120.82,2090.7,2107.88,6215.52555401,2026-02-08 18:00:00+00:00
ETH-USD,main,2106.25,2128.11,2107.81,2125.39,3140.62873583,2026-02-08 19:00:00+00:00
ETH-USD,main,2099.0,2126.23,2125.44,2103.44,4094.75037472,2026-02-08 20:00:00+00:00
ETH-USD,main,2088.41,2113.67,2103.36,2092.72,4292.1374757,2026-02-08 21:00:00+00:00
ETH-USD,main,2092.72,2112.07,2092.82,2106.85,4309.8847021,2026-02-08 22:00:00+00:00
ETH-USD,main,2070.42,2150.0,2106.96,2088.42,14479.09303623,2026-02-08 23:00:00+00:00
ETH-USD,main,2074.51,2096.14,2088.36,2082.92,7545.51580706,2026-02-09 00:00:00+00:00
ETH-USD,main,2053.86,2100.0,2082.85,2069.46,10946.65073846,2026-02-09 01:00:00+00:00
ETH-USD,main,2063.97,2093.99,2069.39,2079.82,5596.58301055,2026-02-09 02:00:00+00:00
ETH-USD,main,2079.9,2101.43,2079.91,2098.43,5079.82389639,2026-02-09 03:00:00+00:00
ETH-USD,main,2084.89,2100.29,2098.34,2088.57,3552.4043835,2026-02-09 04:00:00+00:00
ETH-USD,main,2082.06,2095.24,2088.57,2094.32,2822.3091588,2026-02-09 05:00:00+00:00
ETH-USD,main,2070.53,2094.31,2094.31,2079.97,4465.15716241,2026-02-09 06:00:00+00:00
ETH-USD,main,2062.83,2086.72,2079.85,2063.8,4288.73168428,2026-02-09 07:00:00+00:00
ETH-USD,main,2033.23,2068.68,2064.03,2048.39,7732.39606405,2026-02-09 08:00:00+00:00
ETH-USD,main,2032.0,2055.97,2048.08,2040.25,4583.38376789,2026-02-09 09:00:00+00:00
ETH-USD,main,2011.27,2045.58,2040.24,2020.5,7305.04274701,2026-02-09 10:00:00+00:00
ETH-USD,main,2018.7,2034.71,2020.44,2026.43,6105.76717023,2026-02-09 11:00:00+00:00
ETH-USD,main,2025.45,2037.23,2026.44,2033.64,5573.28788906,2026-02-09 12:00:00+00:00
ETH-USD,main,2020.46,2047.99,2033.54,2021.08,8875.32890348,2026-02-09 13:00:00+00:00
ETH-USD,main,2006.88,2049.27,2020.92,2042.28,22925.42294574,2026-02-09 14:00:00+00:00
ETH-USD,main,2030.67,2072.5,2042.25,2060.82,21168.40847047,2026-02-09 15:00:00+00:00
ETH-USD,main,2046.18,2107.89,2060.3,2089.51,20032.22717905,2026-02-09 16:00:00+00:00
ETH-USD,main,2076.34,2135.7,2089.44,2126.18,17819.66713701,2026-02-09 17:00:00+00:00
ETH-USD,main,2107.44,2143.0,2125.98,2129.36,14856.78129495,2026-02-09 18:00:00+00:00
ETH-USD,main,2117.75,2137.21,2129.33,2130.4,9446.28959802,2026-02-09 19:00:00+00:00
ETH-USD,main,2116.6,2146.76,2130.4,2123.75,12483.00703161,2026-02-09 20:00:00+00:00
ETH-USD,main,2087.27,2128.01,2123.59,2120.83,14280.00952326,2026-02-09 21:00:00+00:00
ETH-USD,main,2110.1,2124.64,2120.84,2114.0,4410.94875744,2026-02-09 22:00:00+00:00
ETH-USD,main,2100.49,2121.5,2113.76,2103.83,6232.73131057,2026-02-09 23:00:00+00:00
ETH-USD,main,2095.04,2111.7,2103.83,2095.86,4209.03911229,2026-02-10 00:00:00+00:00
ETH-USD,main,2094.9,2123.22,2095.66,2116.13,4516.87311138,2026-02-10 01:00:00+00:00
ETH-USD,main,2101.0,2120.45,2116.12,2106.72,4412.08132716,2026-02-10 02:00:00+00:00
ETH-USD,main,2051.03,2109.58,2106.56,2063.47,10625.21774261,2026-02-10 03:00:00+00:00
ETH-USD,main,2061.39,2073.54,2063.47,2069.25,4136.60335246,2026-02-10 04:00:00+00:00
ETH-USD,main,2044.1,2070.71,2069.22,2051.65,5202.62960029,2026-02-10 05:00:00+00:00
ETH-USD,main,1996.0,2056.4,2051.64,2007.7,15417.2414887,2026-02-10 06:00:00+00:00
ETH-USD,main,1998.28,2017.67,2007.49,2005.74,7169.2300677,2026-02-10 07:00:00+00:00
ETH-USD,main,1994.12,2015.81,2005.92,2013.19,7894.81740453,2026-02-10 08:00:00+00:00
ETH-USD,main,2007.0,2028.38,2013.16,2014.95,5507.49463729,2026-02-10 09:00:00+00:00
ETH-USD,main,2007.81,2020.25,2014.95,2012.43,3208.92677078,2026-02-10 10:00:00+00:00
ETH-USD,main,1998.92,2020.8,2012.55,2001.15,6250.35770111,2026-02-10 11:00:00+00:00
ETH-USD,main,2000.9,2015.96,2001.21,2006.51,6513.028769,2026-02-10 12:00:00+00:00
ETH-USD,main,1997.07,2025.92,2006.5,2021.01,11869.99050426,2026-02-10 13:00:00+00:00
ETH-USD,main,1988.0,2038.56,2021.0,2008.42,22705.09236399,2026-02-10 14:00:00+00:00
ETH-USD,main,2002.39,2029.03,2008.2,2021.83,17515.19568116,2026-02-10 15:00:00+00:00
ETH-USD,main,2010.43,2037.0,2021.59,2025.41,12490.97436135,2026-02-10 16:00:00+00:00
ETH-USD,main,2018.5,2046.03,2025.29,2039.18,12079.47056141,2026-02-10 17:00:00+00:00
ETH-USD,main,1994.66,2042.41,2039.19,2007.88,16030.13440137,2026-02-10 18:00:00+00:00
ETH-USD,main,2001.99,2025.0,2007.87,2016.8,6761.7213912,2026-02-10 19:00:00+00:00
ETH-USD,main,2003.0,2020.62,2016.8,2010.1,11900.07403439,2026-02-10 20:00:00+00:00
ETH-USD,main,1995.4,2017.16,2010.44,2006.9,7028.86313991,2026-02-10 21:00:00+00:00
ETH-USD,main,2005.71,2019.41,2007.3,2016.72,5600.3696072,2026-02-10 22:00:00+00:00
ETH-USD,main,2011.42,2021.8,2016.64,2021.71,4920.99330346,2026-02-10 23:00:00+00:00
ETH-USD,main,2018.15,2028.78,2021.7,2023.94,4308.12928283,2026-02-11 00:00:00+00:00
ETH-USD,main,2015.06,2029.5,2024.33,2023.38,4520.6346592,2026-02-11 01:00:00+00:00
ETH-USD,main,2012.77,2031.41,2023.34,2016.41,4362.9354251,2026-02-11 02:00:00+00:00
ETH-USD,main,1996.28,2020.1,2016.3,2007.97,4551.64577034,2026-02-11 03:00:00+00:00
ETH-USD,main,1962.39,2009.99,2007.97,1970.12,12324.13543102,2026-02-11 04:00:00+00:00
ETH-USD,main,1969.91,1980.11,1970.2,1973.01,4676.33940205,2026-02-11 05:00:00+00:00
ETH-USD,main,1937.84,1976.02,1973.06,1947.7,10812.82805481,2026-02-11 06:00:00+00:00
ETH-USD,main,1944.02,1957.14,1947.98,1949.4,3370.38403002,2026-02-11 07:00:00+00:00
ETH-USD,main,1935.82,1952.36,1949.69,1949.11,4025.03264003,2026-02-11 08:00:00+00:00
ETH-USD,main,1941.6,1953.19,1949.1,1945.73,5836.98382859,2026-02-11 09:00:00+00:00
ETH-USD,main,1930.78,1945.77,1945.72,1938.25,5938.77033368,2026-02-11 10:00:00+00:00
ETH-USD,main,1935.94,1955.4,1938.24,1952.39,4078.29580855,2026-02-11 11:00:00+00:00
ETH-USD,main,1947.81,1966.52,1952.49,1951.06,6056.27963404,2026-02-11 12:00:00+00:00
ETH-USD,main,1941.61,1967.9,1951.2,1959.69,10926.81163566,2026-02-11 13:00:00+00:00
ETH-USD,main,1936.35,2014.82,1959.68,1942.4,34735.98255188,2026-02-11 14:00:00+00:00
ETH-USD,main,1901.31,1949.51,1942.49,1928.75,30720.41962242,2026-02-11 15:00:00+00:00
ETH-USD,main,1908.94,1955.57,1928.75,1914.27,17686.87814836,2026-02-11 16:00:00+00:00
ETH-USD,main,1907.73,1941.5,1914.07,1928.51,12807.23059567,2026-02-11 17:00:00+00:00
ETH-USD,main,1913.84,1947.7,1928.87,1942.91,9879.52450712,2026-02-11 18:00:00+00:00
ETH-USD,main,1936.71,1958.54,1942.91,1951.07,9793.33041002,2026-02-11 19:00:00+00:00
ETH-USD,main,1938.7,1957.9,1950.84,1952.9,9148.98389251,2026-02-11 20:00:00+00:00
ETH-USD,main,1949.53,1986.9,1952.81,1969.16,7382.22266385,2026-02-11 21:00:00+00:00
ETH-USD,main,1946.67,1972.1,1969.06,1950.01,4184.64927191,2026-02-11 22:00:00+00:00
ETH-USD,main,1930.68,1955.5,1950.02,1939.45,5074.21483809,2026-02-11 23:00:00+00:00
ETH-USD,main,1939.9,1952.26,1939.9,1950.26,788.06163607,2026-02-12 00:00:00+00:00
